,raw predicted,after vertical,after swing,after horizontal,after correction LSTM,date,actual
0,46.538986,50.25144384,46.53903462,42.18810535,48.78313026,2/28/2020,48.315334
1,45.854507,50.86652104,45.85469826,42.18810535,48.78313026,3/2/2020,48.25133
2,45.24889,47.69331033,45.24912529,42.18810535,48.78313026,3/3/2020,46.412499
3,44.39159,43.61638551,44.3918672,42.18810535,48.78313026,3/4/2020,43.962
4,43.21153,41.58207181,43.21184345,42.18810535,48.78313026,3/5/2020,42.3501675
5,41.609707,39.55719313,41.61005317,40.6562314,48.78313026,3/6/2020,40.533333
6,39.45432,39.8861452,39.45477049,39.77103739,48.78313026,3/9/2020,39.63333
7,36.91628,36.03845022,36.91673969,37.75095807,48.78313026,3/10/2020,36.441334
8,34.303463,28.61186722,34.3039269,31.20390855,48.78313026,3/11/2020,31.3
9,31.998014,26.94108213,31.99848048,28.46179189,48.78313026,3/12/2020,29.334
10,30.24083,27.24959712,30.24130137,29.07637068,48.78313026,3/13/2020,28.68
11,29.24469,27.84342029,29.24523757,28.55271938,48.78313026,3/16/2020,28.509333
12,29.350382,28.06293374,29.35096199,28.28049338,48.78313026,3/17/2020,28.67316725
13,30.284758,28.74013717,30.28538773,29.00944404,48.78313026,3/18/2020,29.47533325
14,31.443218,34.34741458,31.44390516,32.58105999,48.78313026,3/19/2020,32.833167
15,32.255833,36.06064342,32.25657091,34.62693333,48.78313026,3/20/2020,34.074
16,32.66316,35.76998266,32.66400792,34.93288676,48.78313026,3/23/2020,34.15
17,32.930912,36.04272894,32.93180275,35.11682628,48.78313026,3/24/2020,34.4201665
18,33.211346,34.9067621,33.21227854,34.87338461,48.78313026,3/25/2020,34.017334
19,33.536423,33.47561722,33.53739962,33.31990882,48.78313026,3/26/2020,33.475334
20,33.935253,32.40966706,33.93627696,33.14484023,48.78313026,3/27/2020,33.13333
21,34.353752,32.13865731,34.3548958,33.15887068,48.78313026,3/30/2020,33.197334
22,34.765446,32.53315962,34.76663924,33.59379274,48.78313026,3/31/2020,33.6
23,35.269955,33.54660389,35.27120223,34.28467729,48.78313026,4/1/2020,34.366
24,36.304806,36.42854521,36.30612768,36.22781049,48.78313026,4/2/2020,36.333332
25,38.221687,35.7796566,38.2231188,37.18464717,48.78313026,4/3/2020,36.946667
26,40.55544,35.27707057,40.55708446,38.17057595,48.78313026,4/6/2020,37.789667
27,42.552094,40.01704835,42.55386426,41.12772625,48.78313026,4/7/2020,41.2273335
28,44.1693,50.34857773,44.17118408,48.28511446,48.78313026,4/8/2020,47.114666
29,45.68739,51.91108,45.68938566,49.47418602,48.78313026,4/9/2020,48.655334
30,47.219826,51.52574274,47.2220855,48.27839302,49.37614145,4/13/2020,49.28066675
31,48.554104,50.1098033,48.55647797,51.29875561,49.35001901,4/14/2020,49.28066675
32,49.423977,48.36461412,49.42644498,49.32601376,49.11095294,4/15/2020,48.84667
33,49.773125,47.94803065,49.77566199,48.70460253,48.4048537,4/16/2020,48.807335
34,49.745247,46.09078786,49.74783452,48.00298499,48.15799402,4/17/2020,47.839333
35,49.59413,47.21047807,49.59686603,48.60460636,48.26063245,4/20/2020,48.343334
36,49.441414,48.2697221,49.44419146,49.62087127,48.65683741,4/21/2020,48.807335
37,49.457005,51.54910779,49.45983446,50.27284087,50.2941404,4/22/2020,50.446
38,49.64778,54.82684812,49.65067386,52.11450674,51.97413685,4/23/2020,52.12533
39,50.036503,54.40091162,50.03947003,52.13130919,52.02788776,4/24/2020,52.12533
40,50.571743,52.5781811,50.57489979,51.5268661,51.19515706,4/27/2020,51.518
41,51.108772,52.02571191,51.11201576,51.55480826,50.97488304,4/28/2020,51.518
42,51.562878,50.96074147,51.5662036,51.40429681,50.86415985,4/29/2020,51.214
43,51.87629,51.20028405,51.8796895,51.4072527,51.29289407,4/30/2020,51.49
44,52.138165,51.92731336,52.14163606,52.01392157,52.03167292,5/1/2020,51.98500025
45,52.446423,52.58448583,52.45007835,52.48596784,52.70880206,5/4/2020,52.467335
46,52.549988,53.3862868,52.55370546,52.99443848,53.10586153,5/5/2020,52.918
47,52.523293,54.62199604,52.52706297,53.4993846,53.58218054,5/6/2020,53.513334
48,52.570747,54.66247057,52.5745759,53.58869223,53.7175764,5/7/2020,53.557335
49,52.805164,54.33042607,52.80906488,53.4697632,53.3828969,5/8/2020,53.513334
50,53.111526,54.1759626,53.11561544,53.5220056,53.23724442,5/11/2020,53.592
51,53.28974,53.99478381,53.29389963,53.4252081,53.41977416,5/12/2020,53.592
52,53.307556,54.53278145,53.31177113,53.72056184,53.65039836,5/13/2020,53.867332
53,53.30027,55.51111223,53.30453993,54.38040029,53.95510939,5/14/2020,54.344666
54,53.409286,55.7865291,53.41362066,54.55073719,54.26377677,5/15/2020,54.5349995
55,53.617313,55.6298831,53.62183179,54.61278306,54.42447734,5/18/2020,54.56433325
56,53.868343,55.60971282,53.87293896,54.78046305,54.40496953,5/19/2020,54.682
57,54.175682,55.11102052,54.18036026,54.65848189,54.20815249,5/20/2020,54.59133
58,54.618282,54.84616097,54.62305556,54.65853962,54.08458407,5/21/2020,54.682
59,55.27918,54.27371852,55.28406713,54.76210578,54.43056093,5/22/2020,54.724
60,56.11624,54.36017207,56.12143755,55.09059947,55.67168238,5/26/2020,55.180668
61,56.96275,59.30049643,56.96808323,58.19498332,57.87962873,5/27/2020,58.066666
62,57.733917,59.73735228,57.73938326,59.76435102,59.07014241,5/28/2020,58.673332
63,58.4772,59.36199192,58.4827968,58.57958532,58.6713532,5/29/2020,58.864
64,59.17689,59.23552016,59.18274026,58.88856089,58.62895822,6/1/2020,59.15199975
65,59.812183,58.95032502,59.81815734,58.87755421,59.51280236,6/2/2020,59.325333
66,60.405457,62.92379894,60.41155261,60.83217626,61.16988301,6/3/2020,61.595333
67,61.046837,65.81484608,61.05306117,63.66289686,62.73993367,6/4/2020,63.328
68,61.828053,65.60314579,61.83442082,63.55814692,63.84606099,6/5/2020,63.629333
69,62.795147,67.10729444,62.80181087,64.96111345,64.84301377,6/8/2020,64.856
70,63.828693,68.09155946,63.83553342,66.49485192,65.50531889,6/9/2020,65.86533
71,64.720055,67.11707698,64.72705752,66.05149644,65.85521589,6/10/2020,65.847336
72,65.275734,66.97625588,65.28286488,65.87860733,66.04680893,6/11/2020,66.06
73,65.42946,67.30123265,65.43667443,66.37697045,66.34062265,6/12/2020,66.298
74,65.5289,67.94173296,65.53633148,66.70723045,66.47225028,6/15/2020,66.66333
75,65.63266,67.96328921,65.64017131,66.81723605,66.54416845,6/16/2020,66.72667
76,65.692276,67.89889314,65.69986257,66.64334256,66.49484535,6/17/2020,66.725334
77,65.81406,66.88776178,65.82172551,66.32655874,66.23910764,6/18/2020,66.288
78,66.07911,66.57793316,66.08687795,66.20926306,65.74880993,6/19/2020,66.267334
79,66.52939,65.06323496,66.53741781,65.62109092,65.34330129,6/22/2020,65.732
80,67.290695,64.32712902,67.29888647,65.3109974,65.31674177,6/23/2020,65.732
81,68.38692,64.45938282,68.395313,66.65060445,66.37752437,6/24/2020,66.333336
82,70.02168,69.36513008,70.03035219,69.42344372,69.17472145,6/25/2020,69.628835
83,72.37658,75.06487956,72.3856156,73.82214435,73.62300237,6/26/2020,73.641
84,75.87026,86.05637575,75.8799715,80.97169701,80.22520517,6/29/2020,80.729
85,80.482605,95.13527953,80.49298834,88.18915822,87.22081438,6/30/2020,87.42267
86,85.715614,97.72267571,85.726762,91.05339725,91.51763062,7/1/2020,91.43867
87,90.87706,94.64567774,90.88897345,92.66618543,92.83287921,7/2/2020,92.65733
88,95.63106,91.91081922,95.64399252,93.6844851,93.25053485,7/6/2020,93.666664
89,99.42928,91.70181509,99.44283513,95.62295432,96.04592536,7/7/2020,95.4
90,101.93237,100.4980136,101.9463723,99.03334586,100.2808463,7/8/2020,101.12
91,103.22179,100.1147356,103.2360702,102.1393532,101.6393438,7/9/2020,101.5633325
92,103.41526,99.05695717,103.4296784,100.7045021,101.3355457,7/10/2020,101.12
93,102.26362,100.4646068,102.2781953,100.98569,100.8508119,7/13/2020,101.267334
94,100.71417,103.723098,100.7286331,102.0303321,101.8674638,7/14/2020,102.114
95,99.66026,108.4490815,99.67467617,103.5202131,103.4746225,7/15/2020,103.86667
96,99.422935,111.0935591,99.43741773,105.0703882,104.4542219,7/16/2020,105.000166
97,99.90321,110.5594843,99.91786967,104.9981352,104.5715871,7/17/2020,105.000166
98,100.92099,107.094312,100.9361105,103.9079209,102.8423508,7/20/2020,103.86667
99,101.750404,99.1045447,101.765755,100.7024387,100.1399259,7/21/2020,100.326835
100,102.0033,98.099268,102.0187985,98.98937314,99.25339315,7/22/2020,99.94067
101,101.60742,96.96067947,101.6229625,99.56349614,99.17148618,7/23/2020,99.166
102,101.074234,97.79253562,101.0897982,99.10572154,99.22635226,7/24/2020,99.328834
103,100.8547,97.75133584,100.8705434,99.00311555,99.21242068,7/27/2020,99.2
104,100.8547,97.75133584,100.8706484,98.87069801,99.27794439,7/28/2020,99.2
105,100.87095,97.60426035,100.8870065,99.19188694,99.38143002,7/29/2020,99.13333
106,100.92931,97.54781828,100.9454857,99.10809671,99.48601583,7/30/2020,99.13333
107,101.00755,97.47225871,101.0238428,99.12626789,99.21338543,7/31/2020,99.13333
108,101.338394,97.0939526,101.3550536,99.05836104,98.61754184,8/3/2020,99.10266975
109,102.00229,93.91105535,102.0191636,97.71214153,97.62702056,8/4/2020,97.783499
110,102.97917,91.85032158,102.9963153,96.67819703,96.53970139,8/5/2020,97.166664
111,104.171745,90.79880551,104.1891958,97.48647927,97.50205199,8/6/2020,97.166664
112,105.53104,96.35425471,105.5488244,100.5361391,101.6884307,8/7/2020,100.7459983
113,107.08083,108.1334184,107.0992169,107.3554377,106.9706383,8/10/2020,107.507334
114,109.14981,111.4352818,109.1686631,111.0119631,112.2927194,8/11/2020,110.1856673
115,112.14342,122.6857632,112.1629034,114.0534373,118.2111317,8/12/2020,117.1888337
116,116.05322,132.3145607,116.0735088,124.6514672,123.2436003,8/13/2020,123.804
117,120.86894,131.1847879,120.890196,125.7702563,126.4795068,8/14/2020,125.806
118,126.626015,130.6434972,126.6486761,128.9337772,129.2687459,8/17/2020,128.50133
119,132.53136,134.632143,132.555213,134.8164026,133.1950442,8/18/2020,133.45534
120,137.90048,132.7888762,137.9254483,135.9535298,135.3617961,8/19/2020,135.19667
121,142.33096,131.9587936,142.3568795,136.6248053,137.6429988,8/20/2020,136.9213325
122,145.2205,138.9748882,145.2470984,141.9418751,142.1014921,8/21/2020,141.93333
123,146.03464,145.7686072,146.0618361,145.5951642,145.8625218,8/24/2020,145.768
124,145.76205,153.101586,145.7893541,148.623957,149.3863431,8/25/2020,149.25
125,145.24239,161.4843327,145.2697393,152.787285,152.3901594,8/26/2020,153.008
126,144.69168,157.6144732,144.7190812,151.2561907,151.6253108,8/27/2020,150.8766675
127,143.98134,152.8288224,144.0087541,147.769409,146.5023044,8/28/2020,148.20334
128,143.33119,131.8325058,143.3589313,136.6673583,138.8647119,8/31/2020,137.3358325
129,141.8253,127.3502352,141.8528976,131.0629816,131.9722099,9/1/2020,134.27
130,139.37985,110.5313773,139.407117,128.8830333,124.9890736,9/2/2020,124.00667
131,136.49232,112.4574461,136.5191667,121.8656846,122.6698877,9/3/2020,123.78
132,133.86119,114.6678748,133.8876546,124.7716156,123.4371622,9/4/2020,123.78
133,131.4571,122.8866888,131.4836433,126.011282,127.0129827,9/8/2020,126.98333
134,129.7617,136.5621944,129.7880321,134.7413701,133.4637625,9/9/2020,132.99667
135,128.98805,153.1054101,129.0143582,139.9136505,141.0565173,9/10/2020,140.4016675
136,129.48932,163.8350872,129.5158617,145.5063136,145.6691233,9/11/2020,145.52
137,131.5518,165.1311227,131.5791799,147.1831171,146.5605045,9/14/2020,147.25333
138,134.73622,158.343519,134.7644006,145.5330871,144.630872,9/15/2020,145.93
139,138.28265,146.9758497,138.3117187,143.3593416,142.499434,9/16/2020,142.4325
140,141.54521,141.5339257,141.5751097,140.7582759,140.1574529,9/17/2020,141.41
141,143.98038,128.111427,144.0109393,136.192925,136.3649385,9/18/2020,135.69
142,145.20128,127.2027963,145.2325533,136.4286927,135.3677135,9/21/2020,135.78
143,145.02301,127.3591594,145.0543974,137.9582472,136.5113421,9/22/2020,135.78
144,143.81308,133.9495554,143.8443548,136.8509162,138.5977859,9/23/2020,138.66667
145,142.64658,138.521052,142.6777457,140.8798323,139.784249,9/24/2020,140.44
146,141.99117,140.0420685,142.0223395,140.8060515,140.5737167,9/25/2020,140.8841625
147,141.86292,142.063734,141.8945042,141.9440134,141.1446474,9/28/2020,141.8333325
148,142.3022,141.6251849,142.3340354,142.3845699,141.2927799,9/29/2020,141.8333325
149,143.30037,139.5105729,143.3325767,141.0980975,140.9568765,9/30/2020,141.26334
150,144.59946,138.2572041,144.6321067,141.2314665,140.9578502,10/1/2020,141.26334
151,145.61049,138.5245643,145.6435187,141.9322981,141.8181185,10/2/2020,141.89333
152,146.0297,140.8791419,146.0632744,143.3526305,143.3083321,10/5/2020,143.3
153,145.76817,144.2280421,145.8018456,145.0927324,145.3059067,10/6/2020,144.86333
154,145.2205,149.7509404,145.2542018,146.7835215,147.3306253,10/7/2020,147.33333
155,144.68071,151.585913,144.7144322,148.2527534,148.5714789,10/8/2020,147.9575025
156,144.66043,153.9919894,144.6942991,148.9124168,149.33679,10/9/2020,149.11667
157,145.39081,153.134504,145.4253013,148.8523774,149.3800349,10/12/2020,149.0758375
158,146.83566,151.4734369,146.8706516,148.2664387,148.0893025,10/13/2020,149
159,148.4537,144.0045023,148.4892337,147.3036518,145.7159185,10/14/2020,146.078335
160,149.30191,138.980007,149.3377976,143.4609658,143.0920474,10/15/2020,143.91667
161,148.63376,135.7770712,148.6696399,142.1470221,141.3706544,10/16/2020,141.93
162,146.34177,135.9093027,146.3775513,141.0662304,141.0299929,10/19/2020,140.9
163,143.07227,139.1401084,143.1074,141.2109262,141.2498085,10/20/2020,140.96333
164,139.7622,140.9171072,139.796674,140.4288145,141.1528768,10/21/2020,140.21
165,137.07562,141.9286154,137.1095697,139.1042224,139.5432026,10/22/2020,139.35333
166,135.63577,139.0569737,135.6695044,137.4177623,137.5656507,10/23/2020,137.21
167,135.60907,136.3676208,135.6432183,136.0888791,136.0472726,10/26/2020,135.86333
168,136.62698,134.9468141,136.6615307,136.0218074,135.5927872,10/27/2020,135.66
169,138.00928,135.4067095,138.0443175,136.8091098,136.7696888,10/28/2020,136.57666
170,139.39182,138.8783931,139.4273515,138.8743321,139.1775622,10/29/2020,139.0075
171,140.60048,142.5185258,140.6364699,141.4822453,141.5592083,10/30/2020,141.42667
172,142.03896,143.7611767,142.0757582,142.7818849,143.6195769,11/2/2020,142.76666
173,144.00215,141.8012662,144.0396125,142.4824196,142.8459631,11/3/2020,142.76666
174,146.30493,136.7809792,146.343144,142.1187816,141.5223784,11/4/2020,141.33333
175,148.6522,132.1497387,148.6911866,139.8259051,140.1943086,11/5/2020,140.03
176,150.38531,127.5112162,150.4249061,138.4113859,138.597583,11/6/2020,138.35
177,151.07954,124.8497667,151.1197898,137.2412743,137.2808739,11/9/2020,137.2141675
178,151.08827,125.3814536,151.1286774,137.4822567,136.8571866,11/10/2020,137.51
179,151.00653,126.8536006,151.0470714,139.6409878,139.8102214,11/11/2020,138.2775
180,151.22398,144.7836548,151.2647401,146.6905026,146.8169811,11/12/2020,147.83333
181,152.13399,160.6841325,152.1751474,157.1007547,156.34591,11/13/2020,156.2074975
182,153.91321,175.0682122,153.95533,165.0026217,163.474927,11/16/2020,164
183,156.92418,176.821102,156.9672884,168.6822451,166.7971482,11/17/2020,166.42334
184,161.81966,181.2336564,161.864279,170.1659659,171.96974,11/18/2020,171.095
185,168.44966,196.5465061,168.4962875,181.6696956,181.0454988,11/19/2020,181.79
186,176.15265,198.1638042,176.2015906,187.0296132,187.4799646,11/20/2020,186.66333
187,184.621,198.6532373,184.6728732,191.9914972,190.6243992,11/23/2020,191.33333
188,193.00015,190.0286568,193.0545787,193.7715797,192.814118,11/24/2020,191.33333
189,200.07211,190.2487173,200.1287417,191.995341,194.9874305,11/25/2020,194.92
190,204.3697,188.3577275,204.4279757,196.455116,196.1767562,11/27/2020,196.020835
191,205.167,189.6331682,205.226146,197.6497256,197.9416474,11/30/2020,197.066665
192,203.56702,196.1804301,203.6259058,199.7534024,199.7276432,12/1/2020,199.65666
193,201.51567,201.8403613,201.5741763,202.5247819,202.2174945,12/2/2020,201.49333
194,200.4973,212.3850175,200.5557178,205.6443801,205.6612457,12/3/2020,206.16667
195,201.35661,215.2564943,201.4154917,208.3561758,207.9708171,12/4/2020,208
196,203.99016,212.4774992,204.0504437,208.3829504,207.8760636,12/7/2020,208
197,207.47078,208.9128829,207.5323097,208.7661859,207.6616245,12/8/2020,208
198,210.46964,205.8042127,210.5322737,208.1107492,207.9098963,12/9/2020,207.93333
199,213.3015,205.7795857,213.365202,209.1085103,208.6745599,12/10/2020,209.315
200,215.54164,207.0962234,215.6062382,211.2573153,210.8745666,12/11/2020,211.08333
201,217.16826,212.1078511,217.2340213,214.6521474,213.6771885,12/14/2020,214.42667
202,217.88249,213.2503788,217.9486977,216.1814287,215.659454,12/15/2020,215.35667
203,218.50404,213.916121,218.5706656,214.994302,216.3309476,12/16/2020,216
204,220.11115,213.5750717,220.1784861,216.8609531,217.1000953,12/17/2020,216.62
205,222.69075,211.1140416,222.7591123,216.5547667,217.0932274,12/18/2020,216.62666
206,225.45364,210.5097456,225.5235581,217.6228808,218.2429793,12/21/2020,217.6541675
207,227.96248,214.6251622,228.0334083,220.755127,220.7397496,12/22/2020,220.9908325
208,229.94025,217.2490791,230.012031,224.3245811,223.8950812,12/23/2020,223.3
209,231.49144,224.2728985,231.5639494,227.1737098,227.9728704,12/24/2020,227.6450025
210,232.8406,236.8565177,232.9145084,234.9768399,233.9549122,12/28/2020,234.625
211,234.77089,245.4268329,234.845648,239.4531447,239.9733276,12/29/2020,239.82
212,238.22633,252.5037822,238.3024407,244.137012,245.2929628,12/30/2020,245.03667
213,243.36145,263.1485101,243.4394511,252.9438925,253.1221426,12/31/2020,252.83
214,249.72528,282.7638384,249.8063612,265.4153692,265.1430564,1/4/2021,265.488335
215,257.32104,296.1049851,257.4048594,275.9090584,275.7576494,1/5/2021,275.78
216,265.71674,298.3749569,265.8035616,280.9462454,281.4579968,1/6/2021,281.3150025
217,274.5107,292.5621836,274.6006967,283.1689709,283.4880403,1/7/2021,283.13333
218,282.7147,281.1369971,282.8076598,281.7026209,283.2132645,1/8/2021,281.66666
219,288.93164,274.7948503,289.027556,281.6728972,282.0888477,1/11/2021,281.51666
220,293.2489,272.6665521,293.3465551,283.1647268,281.4208782,1/12/2021,282.511665
221,295.5644,268.9145291,295.6631246,282.6775261,280.9407286,1/13/2021,281.66666
222,295.15088,269.2849172,295.2497806,281.2308043,281.077164,1/14/2021,281.66333
223,292.03946,274.0962727,292.1376223,282.7698529,281.8085302,1/15/2021,282.66666
224,287.8568,282.6888638,287.9547673,285.0412479,283.4983484,1/19/2021,285
225,283.8698,289.1187353,283.9667066,286.1480326,285.4269912,1/20/2021,286.22
226,281.1205,291.9462542,281.2167627,286.0361904,286.4619401,1/21/2021,286.22
227,280.4765,292.6166028,280.5728217,286.0224754,285.4996485,1/22/2021,286.22
228,281.86548,279.9853158,281.963156,280.3565099,282.0669855,1/25/2021,280.66666
229,283.5124,278.3588928,283.6109335,278.9004797,280.0237756,1/26/2021,280.66666
230,284.70175,277.196029,284.8010049,282.9897318,280.3819015,1/27/2021,280.66666
231,284.8705,278.798161,284.9701225,281.0274819,281.5655912,1/28/2021,281.56
232,283.8396,283.5081855,283.9391432,283.4823898,282.5155055,1/29/2021,283.4141625
233,282.41666,288.1342623,282.5165831,284.8365721,283.556713,2/1/2021,285
234,280.92676,289.4930041,281.0264497,284.4177034,284.3480032,2/2/2021,284.91666
235,279.27075,288.1463573,279.3701469,282.7502994,282.6979009,2/3/2021,283.4141625
236,277.84085,286.0686579,277.9400261,281.8239233,280.2726579,2/4/2021,281.66666
237,276.54633,277.2143624,276.6453267,276.7304125,276.6120677,2/5/2021,276.62668
238,274.9417,269.6623975,275.0409967,272.3584843,272.5502659,2/8/2021,272.04
239,272.68427,264.5425018,272.7830191,269.4239478,268.9301895,2/9/2021,268.3366675
240,269.78616,263.9608814,269.8841486,265.9930816,266.1840149,2/10/2021,266.61334
241,266.903,263.3874081,267.0002311,265.2028704,264.4500513,2/11/2021,264.89667
242,264.801,258.9181016,264.8977209,261.5546151,263.2163044,2/12/2021,261.60333
243,263.34998,255.4319431,263.4472683,258.8668668,259.038772,2/16/2021,259.12332
244,262.4335,235.4215632,262.5307295,250.4620973,249.7670995,2/17/2021,248.33333
245,261.3036,222.841721,261.4006696,238.8291696,242.2426014,2/18/2021,241.0866675
246,259.10413,214.560043,259.2006593,235.8820746,237.2763541,2/19/2021,235.56667
247,255.48793,213.4905524,255.5839143,233.5822891,234.484429,2/22/2021,233.33333
248,252.04372,218.3584435,252.1386689,234.6543133,233.7578057,2/23/2021,234.3825025
249,248.59673,213.2525492,248.6906381,232.452087,232.6853626,2/24/2021,230.03667
250,243.43492,214.8291244,243.5271374,227.0379225,229.952877,2/25/2021,228.475835
251,236.92245,213.0556152,237.0124506,225.2073169,226.0764524,2/26/2021,224.4666675
252,230.32243,195.7527168,230.4106416,212.6188364,213.7093194,3/1/2021,212.140835
253,223.74217,195.0010802,223.8280932,209.0724521,209.7527066,3/2/2021,208.68666
254,217.41548,200.6755221,217.4991993,209.5056767,210.9541743,3/3/2021,208.68666
255,212.23701,214.000156,212.3189595,212.5116951,215.6957708,3/4/2021,212.92167
256,208.95247,241.7040094,209.0333629,224.6127679,226.2397382,3/5/2021,224.52667
257,207.61993,251.8068673,207.7009607,228.2612121,229.6654043,3/8/2021,228.439165
258,208.88263,256.7333087,208.9643663,230.1286498,231.1208554,3/9/2021,231.36333
259,211.99518,252.9639072,212.0783538,232.4491818,230.5794585,3/10/2021,231.36333
260,216.5594,240.6890309,216.6445943,228.0906115,228.6111195,3/11/2021,228.09666
261,222.18707,230.5410369,222.2747097,225.8844582,225.9159299,3/12/2021,226.11833
262,228.14474,219.6785053,228.2354443,223.2551783,224.3107349,3/15/2021,223.66667
263,232.7469,213.8930506,232.8396738,221.8918314,223.9493708,3/16/2021,222.91667
264,235.5321,210.8330898,235.6262312,222.507248,223.3451743,3/17/2021,222.63667
265,235.6075,204.0791353,235.7019003,219.291466,220.2161884,3/18/2021,219.07666
266,233.07721,201.2084866,233.1708405,216.1261612,215.4557135,3/19/2021,216.35917
267,228.5728,193.4557779,228.6653351,209.6698065,211.0962892,3/22/2021,210.09
268,223.28621,195.4070973,223.3768368,206.6515925,208.7388856,3/23/2021,208.6908325
269,218.42842,199.7528974,218.5173044,210.2254287,208.8652731,3/24/2021,208.6908325
270,215.45944,210.0708469,215.5473417,212.2714234,212.5837677,3/25/2021,212.55333
271,214.41446,224.0357229,214.5021557,219.074376,219.2058256,3/26/2021,218.9716675
272,215.21384,236.0046968,215.3025323,225.2351347,225.6618939,3/29/2021,225.163335
273,217.73244,239.6793006,217.8223975,228.5205338,229.4569006,3/30/2021,228.23334
274,220.77525,237.9666319,220.8667007,228.4051646,230.1152842,3/31/2021,229
275,223.12009,233.2773062,223.2127376,228.1405336,229.2635783,4/1/2021,227.93333
276,224.48456,230.7012043,224.5787106,227.2253088,228.0443557,4/5/2021,227.36333
277,225.32501,230.9945632,225.4197518,228.0482082,227.4831013,4/6/2021,227.93333
278,225.93913,237.0461507,226.0343657,231.643148,229.7561177,4/7/2021,231.214165
279,227.39903,254.6878638,227.4951177,240.3377314,237.1618204,4/8/2021,240.43666
280,230.28171,261.5705194,230.3792507,245.4822969,244.0290559,4/9/2021,245.203335
281,234.34048,257.0401183,234.4404788,245.7981637,245.6016135,4/12/2021,245.203335
282,238.98854,247.2941431,239.090767,244.7869354,243.4311697,4/13/2021,242.88333
283,242.82756,240.6864759,242.9316817,241.1570119,241.7080614,4/14/2021,241.53334
284,245.34117,237.125388,245.4466258,240.9743243,240.0290212,4/15/2021,240.9775025
285,246.77989,233.7043974,246.8862218,240.1221161,240.6656433,4/16/2021,239.93333
286,247.28851,239.4862282,247.3958346,243.6035614,242.133259,4/19/2021,243.13333
287,247.10452,237.111762,247.2120216,244.0700447,242.6905768,4/20/2021,241.8349975
288,246.23964,234.2171476,246.3470183,237.907543,240.9458667,4/21/2021,239.93333
289,244.5101,231.1219246,244.6169807,237.733744,237.3520943,4/22/2021,237.504165
290,241.65547,227.8763904,241.761355,234.6102314,235.3997715,4/23/2021,234.45
291,238.04047,227.979653,238.1455091,233.1497008,233.6908671,4/26/2021,232.7425
292,234.16602,226.0992826,234.2695925,231.0469618,230.8196726,4/27/2021,229.886665
293,230.55309,223.9508891,230.6553042,226.8077751,227.9185057,4/28/2021,227.02
294,227.48447,226.5987349,227.5855618,226.7389193,226.8373484,4/29/2021,226.83333
295,225.86783,225.3188671,225.9684403,225.5368607,225.7946798,4/30/2021,225.3866675
296,224.65675,223.0493101,224.7575278,223.8854936,224.0084171,5/3/2021,223.64667
297,223.39708,220.3860356,223.4975213,222.1139389,221.0896353,5/4/2021,221.68333
298,221.5097,210.1351901,221.6095285,215.8922767,214.2144277,5/5/2021,215.55
299,218.79254,193.8082817,218.8913687,205.8950748,205.6942431,5/6/2021,205.73334
300,215.08896,186.2422053,215.186337,199.7700147,200.9134215,5/7/2021,199.9633325
301,210.64172,183.7933325,210.7377465,196.4296798,197.4562391,5/10/2021,196.58
302,205.97357,184.3935176,206.0676811,194.9532767,195.3975855,5/11/2021,194.70667
303,201.17496,183.4694957,201.2670836,192.4808545,194.1606127,5/12/2021,191.9425
304,196.79916,187.5489064,196.8894912,191.3286415,193.0087045,5/13/2021,191.9425
305,193.7611,190.8519826,193.8502278,192.5146017,192.7352192,5/14/2021,192.125
306,192.2225,194.8070743,192.311531,193.6238317,193.9445245,5/17/2021,193.33333
307,192.11485,199.4998961,192.2040304,195.6419495,195.996096,5/18/2021,195.59334
308,193.25,204.6851439,193.3399057,198.7691062,198.6085894,5/19/2021,198.70334
309,194.99893,209.9406035,195.0898543,202.2389062,201.9629243,5/20/2021,202.14667
310,196.74866,213.6272649,196.8406003,204.8012156,205.1988207,5/21/2021,204.82666
311,198.59952,217.1131099,198.6929462,207.5252047,207.3638625,5/24/2021,207.46
312,200.53143,215.699133,200.6259792,208.4304056,208.3994093,5/25/2021,207.78667
313,202.76389,212.6540376,202.8596952,206.7066434,208.0710075,5/26/2021,207.46
314,204.59161,203.7414031,204.6885002,204.1790237,204.991143,5/27/2021,203.9791675
315,205.28975,196.3767572,205.3871799,200.4674575,200.8441626,5/28/2021,200.6
316,204.36949,196.4816802,204.4673369,200.4277364,200.2905021,6/1/2021,200.20334
317,201.82158,197.9299488,201.9184146,198.9505692,200.0497575,6/2/2021,199.68333
318,198.3036,203.5450709,198.3989582,200.3097104,200.5908619,6/3/2021,200.72333
319,195.5153,208.4824926,195.6095215,201.8770687,201.7780036,6/4/2021,201.71
320,193.88177,213.5595471,193.9758103,203.4578588,202.76724,6/7/2021,203.29666
321,193.22385,213.7881018,193.317764,203.5518427,202.8827968,6/8/2021,203.06
322,193.52979,213.0088706,193.6240529,202.4176148,202.6638035,6/9/2021,202.8499975
323,194.89749,211.9522373,194.9926284,203.1885192,203.2680104,6/10/2021,203.06
324,197.13022,211.358009,197.2266506,203.8830408,204.7052497,6/11/2021,203.93333
325,199.72572,208.6113386,199.824049,203.9329955,205.0559962,6/14/2021,203.93333
326,202.50928,208.9850052,202.6091843,205.6786191,206.3657809,6/15/2021,205.53334
327,205.6099,209.0977129,205.7115445,207.3252289,207.9338921,6/16/2021,207.15666
328,209.21477,210.0699268,209.3184182,209.4271186,210.4844329,6/17/2021,209.45
329,213.12407,216.5848954,213.2298787,214.6172119,215.6824546,6/18/2021,214.6508375
330,216.93518,230.561797,217.0435599,223.3915878,222.5374844,6/21/2021,223.44
331,220.7563,233.0385441,220.86682,227.1080787,227.1711523,6/22/2021,226.60667
332,224.49794,229.7887064,224.6105652,225.6400748,228.1483268,6/23/2021,226.92
333,227.76974,226.640969,227.8842486,227.1031466,227.8822111,6/24/2021,226.9966675
334,229.99991,224.2917903,230.1157728,227.0495487,228.860021,6/25/2021,226.92
335,231.26163,223.0009227,231.3788496,227.1740548,227.7901722,6/28/2021,226.88583
336,231.68448,221.4459075,231.8021568,227.2977806,226.900883,6/29/2021,226.3
337,231.0273,215.7574711,231.1448828,222.8948695,223.6655677,6/30/2021,223.0574975
338,229.05014,209.7428087,229.1669574,219.0172554,220.3767823,7/1/2021,218.98334
339,225.99635,212.5769691,226.1118481,218.9039634,220.8409775,7/2/2021,218.98334
340,222.41443,217.2912479,222.5290196,219.7544203,221.5867486,7/6/2021,219.63667
341,219.19156,222.6665809,219.3047175,220.5584817,221.7707494,7/7/2021,220.72
342,217.81302,224.1029256,217.9256926,221.0707267,220.9231227,7/8/2021,220.73334
343,218.16673,223.7395873,218.2798167,220.6707675,219.590936,7/9/2021,220.73334
344,219.45049,216.5449678,219.5649202,217.6865733,218.3719273,7/12/2021,217.79333
345,220.25194,215.4005174,220.3670201,216.5020245,217.1882303,7/13/2021,217.61333
346,219.95648,215.1285678,220.0716389,218.6872603,216.8826285,7/14/2021,217.33
347,219.11536,215.9543891,219.2303012,217.1769252,217.5320559,7/15/2021,217.33
348,218.4401,214.8116947,218.554912,216.407276,217.3773465,7/16/2021,216.42
349,218.32886,217.4825855,218.4442991,217.7002453,216.6923663,7/19/2021,217.705835
350,218.99973,215.3928885,219.1157498,217.7010317,216.2814913,7/20/2021,216.99
351,219.97473,213.0109066,220.0915015,215.938866,216.6788743,7/21/2021,216.26666
352,220.47504,212.5275392,220.5923019,216.2243227,218.4415645,7/22/2021,216.26666
353,220.44359,217.2851783,220.5610664,218.5702822,221.3545869,7/23/2021,218.6583375
354,220.2092,224.5524752,220.3272392,221.9537132,225.9735953,7/26/2021,222.16667
355,220.05855,236.4466725,220.1767376,227.3332545,231.3630732,7/27/2021,227.89667
356,220.71335,247.8408036,220.8321195,233.7258195,236.1724161,7/28/2021,233.67
357,222.67473,252.6524432,222.7947869,237.0150097,238.090049,7/29/2021,236.97333
358,225.73163,249.5746727,225.8535702,237.2064355,238.1292544,7/30/2021,237.13667
359,229.05298,246.3794435,229.1774301,237.5237186,239.0426012,8/2/2021,237.3408325
360,231.77365,243.4035483,231.8998223,237.6779183,239.4935487,8/3/2021,237.3
361,233.46338,241.641877,233.5907131,236.537031,238.100291,8/4/2021,237.3
362,234.22232,239.988474,234.3503126,237.4618179,238.461231,8/5/2021,236.8708325
363,234.45653,241.1661539,234.5848919,237.1877695,238.579649,8/6/2021,237.57
364,234.53726,239.6662126,234.6664031,236.5142173,237.6103467,8/9/2021,236.8708325
365,234.5566,237.7666795,234.6859909,235.0017336,235.0250412,8/10/2021,235.94
366,234.9252,229.3796029,235.0550455,232.9949226,230.3757632,8/11/2021,231.92334
367,235.79024,218.9156196,235.9208052,226.9220131,226.2260432,8/12/2021,226.988335
368,236.52568,216.4726625,236.6569019,225.9277326,225.0273475,8/13/2021,226.07
369,236.53877,217.7712275,236.6707402,226.4983376,226.8265943,8/16/2021,226.75333
370,235.90878,221.6908461,236.0406448,228.0105187,229.6957958,8/17/2021,228.48
371,234.85686,229.7003323,234.9883758,231.2206066,232.7525203,8/18/2021,232.051665
372,233.24376,237.6226205,233.3746172,235.5497,235.4447348,8/19/2021,235.2074975
373,231.87898,240.8453853,232.0093164,236.0671209,237.0042632,8/20/2021,236.10333
374,231.77155,241.9718606,231.902543,236.7566326,237.1486952,8/23/2021,236.6000025
375,233.29326,242.3822688,233.4253593,238.3095234,238.2788803,8/24/2021,237.57666
376,236.02737,246.0786502,236.1612689,240.4046667,241.351964,8/25/2021,240.78
377,239.44482,248.6011043,239.5809069,243.7603316,243.6691667,8/26/2021,243.75667
378,243.4065,245.7133526,243.5450819,244.4148552,244.4527645,8/27/2021,244.33333
379,247.54947,242.3201952,247.6911891,244.8541668,244.7222991,8/30/2021,244.69667
380,251.38667,239.4461103,251.5308516,245.5624498,245.3772481,8/31/2021,245.1191675
381,254.48665,240.1536705,254.6328702,246.7432639,247.2365005,9/1/2021,246.99
382,256.6609,245.0199731,256.8086269,250.4242819,249.2350359,9/2/2021,250.54333
383,258.00354,243.7448883,258.1523198,250.8073624,250.1191114,9/3/2021,250.54333
384,258.68057,240.9254232,258.8308204,248.8910574,249.5780424,9/7/2021,249.41667
385,258.4771,239.0250529,258.6275107,249.8417087,249.3057869,9/8/2021,248.33333
386,257.12524,240.2817565,257.2751242,248.3608617,250.9934872,9/9/2021,248.33333
387,255.06606,244.8377861,255.2150007,249.4405326,252.5451731,9/10/2021,249.6708325
388,253.70334,246.1528833,253.852281,249.4171629,252.6195162,9/13/2021,249.6708325
389,253.68823,245.2465382,253.8374301,248.7120808,252.0412248,9/14/2021,249.20334
390,255.05632,243.5755454,255.2065882,248.8667995,251.3116841,9/15/2021,249.02167
391,257.29172,241.4593167,257.4435705,249.0611169,250.4516361,9/16/2021,249.02167
392,259.86063,237.586562,260.014266,248.3809301,251.3144931,9/17/2021,248.24667
393,262.2939,241.0419525,262.4498128,251.6041476,253.2772966,9/20/2021,251.21333
394,264.34253,243.1701418,264.4999202,255.1266286,256.1586237,9/21/2021,253.30333
395,266.30618,250.6635604,266.4650203,256.5375645,259.9138008,9/22/2021,258.13
396,268.49228,252.1085631,268.6527,260.4156345,261.4657203,9/23/2021,259.93332
397,271.42578,249.6093884,271.5882377,259.8801324,261.5744872,9/24/2021,260.05084
398,274.91156,246.841024,275.0769618,260.226492,261.3816273,9/27/2021,260.26
399,277.60248,244.4482898,277.7697879,260.5487928,262.1154094,9/28/2021,260.26
400,278.36865,243.6568351,278.536714,259.9341181,263.0410612,9/29/2021,260.19666
401,276.90616,246.3011826,277.0736255,260.822042,264.0668898,9/30/2021,260.91666
402,273.83035,250.7953858,273.9962449,261.8854301,264.9379904,10/1/2021,261.82
403,269.7258,254.6378115,269.8900478,261.847482,264.520999,10/4/2021,261.83334
404,265.75198,262.4634546,265.9140889,263.6823963,265.9063859,10/5/2021,263.860835
405,263.25232,268.1769608,263.413174,266.0140451,267.8041744,10/6/2021,265.46
406,262.63818,273.8942886,262.7989366,267.5706785,268.8276486,10/7/2021,267.96167
407,263.64478,277.7545595,263.8064191,270.642947,270.7976316,10/8/2021,270.36
408,265.9069,279.3255645,266.0707524,272.543281,274.0230206,10/11/2021,272.28417
409,269.3067,286.8678287,269.4729388,277.7542747,279.8123941,10/12/2021,277.6941675
410,273.7186,298.9478005,273.887843,285.042761,285.8423049,10/13/2021,285.79333
411,278.96967,298.0539462,279.1424485,288.9303713,289.5056761,10/14/2021,288.09
412,285.07816,295.6224425,285.2550188,289.4270593,290.2445115,10/15/2021,290.03668
413,291.69016,294.1513029,291.8720319,292.0193462,291.7435555,10/18/2021,292.65
414,298.36752,303.2261165,298.5538743,299.7182835,301.859617,10/19/2021,300.5116625
415,305.63513,357.7920322,305.8263404,327.0005472,328.1185096,10/20/2021,330.384165
416,314.31458,376.2880221,314.5115412,345.6700705,344.5412421,10/21/2021,343.59332
417,324.3534,374.786328,324.5569882,347.1807762,350.6594144,10/22/2021,348.34
418,334.90155,382.8293523,335.1128125,356.9348228,358.4746506,10/25/2021,357.73666
419,344.41144,388.2862338,344.6290579,365.8334639,368.4464256,10/26/2021,365.356665
420,352.95755,414.190125,353.1809376,377.8607109,381.1010922,10/27/2021,382
421,362.01874,422.3545139,362.2482373,392.7949048,392.8199798,10/28/2021,390.66666
422,372.5739,436.4138703,372.8104925,401.3290143,399.5435739,10/29/2021,402.86334
423,383.94217,423.0785637,384.1871666,400.8454438,399.6743563,11/1/2021,402.66666
424,393.77795,405.0325106,394.029638,393.8491271,395.5526579,11/2/2021,399
425,400.30972,382.9984748,400.5659985,390.9732826,383.443091,11/3/2021,391.2
426,401.82724,338.2319062,402.0849057,369.9813636,365.9661054,11/4/2021,368.32333
427,397.3902,319.4755948,397.6454322,354.7686569,355.2704658,11/5/2021,355.98334
428,387.2377,310.1115759,387.4876252,345.156055,349.7510846,11/8/2021,346.2183325
429,372.5595,320.6480757,372.8003478,343.7488137,347.4308075,11/9/2021,345.31417
430,358.23456,345.5243595,358.4665095,351.2089176,348.6700111,11/10/2021,351.5
431,346.86383,356.8511771,347.0887809,352.8674599,351.0545249,11/11/2021,351.5
432,340.2199,378.1171228,340.4409057,357.2672529,357.5087537,11/12/2021,358.34
433,339.32962,395.1212355,339.5510985,364.8526578,365.3481089,11/15/2021,365.829165
434,343.97437,400.1625688,344.1992332,369.3944499,369.9709447,11/16/2021,370.66666
435,352.17346,393.6631325,352.4040568,372.3745324,371.4634998,11/17/2021,372
436,361.62952,383.3694482,361.8666798,371.9427058,371.8075862,11/18/2021,372
437,370.62158,374.0680925,370.8650284,372.0127476,372.4006379,11/19/2021,372
438,377.14316,367.5996907,377.3920667,372.0308411,372.4191349,11/22/2021,372
439,380.21478,364.6299789,380.4661147,372.0965834,371.2981038,11/23/2021,372
440,380.62582,359.5385537,380.8778242,370.7094383,369.8218849,11/24/2021,369.59332
441,378.7164,356.2916346,378.9679252,366.7625931,367.183026,11/26/2021,366.99667
442,375.09,352.9657499,375.3402851,363.2139414,361.5906179,11/29/2021,363.52667
443,369.50128,336.3561363,369.7482262,352.9162009,354.5207326,11/30/2021,352.21667
444,361.7751,340.3606814,362.0172432,345.517855,349.3168095,12/1/2021,350.58334
445,353.20065,343.6361894,353.4374393,349.9827438,346.654612,12/2/2021,348.06668
446,345.1804,340.0063642,345.4121584,341.7401561,344.317012,12/3/2021,342.27
447,339.553,345.6412579,339.7820607,342.5625984,341.5957611,12/6/2021,342.27
448,336.57452,334.0441455,336.8019171,338.2902609,336.4723465,12/7/2021,335
449,335.5539,319.2353644,335.7809472,324.5060317,329.1413882,12/8/2021,326.99333
450,334.62952,310.678749,334.8562928,322.3273904,323.6221755,12/9/2021,322.13666
451,333.48184,306.6719657,333.7081879,319.5086967,319.1575088,12/10/2021,319.50333
452,331.7211,291.8386092,331.9472873,310.7422756,314.0240661,12/13/2021,310.85666
453,329.46545,291.1206383,329.6904467,307.2836019,309.8708174,12/14/2021,309.41666
454,326.675,294.2466921,326.8984151,312.2524791,308.5997048,12/15/2021,309.753335
455,322.85187,303.7008168,323.0730165,312.5310059,310.2062606,12/16/2021,312.84332
456,319.67517,339.0870114,319.8944768,328.7637748,320.3192176,12/17/2021,328.936665
457,318.65305,374.9951716,318.8726462,344.6006508,340.6795139,12/20/2021,345.361665
458,321.26993,399.4151578,321.4916666,353.6290856,355.6165607,12/21/2021,357.89
459,327.92993,394.773309,328.1566086,360.7194406,360.1062538,12/22/2021,359.47333
460,337.1732,386.5044118,337.4066047,360.4144696,362.179416,12/23/2021,360.66666
461,347.10522,379.7896911,347.3469642,363.0603552,362.8777718,12/27/2021,362.74749
462,355.35117,375.9755571,355.5990184,364.8793451,366.0235289,12/28/2021,365.18332
463,360.6318,388.2493659,360.8837169,371.2506998,372.0841109,12/29/2021,373.8433375
464,362.56912,386.1748317,362.8227647,374.568935,372.6868235,12/30/2021,373.8433375
465,361.62384,387.1842898,361.8771982,373.1936816,370.0859263,12/31/2021,373.8433375
466,358.70648,362.2085993,358.9589169,359.4169882,358.3214131,1/3/2022,360.12332
467,353.6029,355.4151202,353.852117,352.251238,354.3081516,1/4/2022,354.18333
468,347.2935,361.8720869,347.5386144,353.6158699,354.5181323,1/5/2022,354.18333
469,341.81772,365.28542,342.0593365,353.3958103,353.7293692,1/6/2022,353.03333
470,338.38052,368.3133646,338.6200646,352.5336013,352.2882551,1/7/2022,352.70667
471,338.23004,365.3844193,338.470533,351.0000731,350.8162668,1/10/2022,351.22333
472,340.15085,355.1199515,340.39306,346.3377816,346.8764529,1/11/2022,347.23666
473,342.5938,345.046702,342.8381191,343.7267413,343.2574809,1/12/2022,343.50333
474,343.5518,334.5026102,343.7971374,338.6415519,338.2477038,1/13/2022,338.68668
475,342.91248,322.2440044,343.1577254,332.1591189,331.7404378,1/14/2022,332.11334
476,340.2579,308.653822,340.5026732,323.7074679,323.2658733,1/18/2022,323.7741675
477,334.9092,296.1268952,335.1504806,314.9833931,315.2305887,1/19/2022,314.63333
478,327.94824,295.6964044,328.1848395,308.4176234,308.7961863,1/20/2022,311.12
479,320.82492,284.80085,321.0567131,303.1134245,303.8628233,1/21/2022,302
480,315.2801,289.809642,315.5088621,303.2937178,301.727544,1/24/2022,302
481,310.57672,294.1985148,310.8024037,306.3243927,301.8325806,1/25/2022,302
482,306.09967,297.8429046,306.3224185,300.5981234,302.0887894,1/26/2022,301.66666
483,301.57715,300.5532506,301.7969197,300.6696982,301.2611143,1/27/2022,300.7891625
484,299.2869,307.695274,299.5053098,303.1749097,301.9571622,1/28/2022,303.1841675
485,300.3679,309.3818595,300.5880312,304.3400184,303.7126946,1/31/2022,304.5625
486,303.00848,303.9161221,303.2308766,302.2468303,304.3502698,2/1/2022,303.1841675
487,305.50256,308.3995661,305.727105,304.4536696,305.1741537,2/2/2022,306.66666
488,307.1086,306.7867664,307.334654,307.8508532,304.9586985,2/3/2022,306.66666
489,307.92508,301.5709547,308.152043,304.0546275,304.1369711,2/4/2022,304.4524975
490,307.51056,298.6885083,307.7381784,302.8250056,303.2923297,2/7/2022,302.79
491,306.27795,299.8905698,306.5049801,303.7052123,303.3508713,2/8/2022,302.79
492,304.2372,299.3682812,304.4630434,301.9107051,303.4817403,2/9/2022,301.51666
493,301.27502,299.2780531,301.4989698,299.5919672,301.9259546,2/10/2022,300
494,297.635,299.9515207,297.8565595,298.7119207,300.1136501,2/11/2022,298.5175
495,294.53238,301.6423931,294.75254,297.883563,296.4959093,2/14/2022,297.79333
496,292.41403,286.0603787,292.632914,288.8663518,285.5763253,2/15/2022,288.955
497,290.9019,266.240375,291.1199392,279.2751143,275.078599,2/16/2022,278.04333
498,288.70798,252.8860258,288.9246868,269.8160807,270.0478855,2/17/2022,269.95667
499,285.45007,255.7722693,285.6646347,269.6608963,270.2230739,2/18/2022,269.95667
500,281.84613,262.1482717,282.0591575,272.2621424,274.4711292,2/22/2022,271.57
501,278.74493,284.6365876,278.9559077,279.2631282,281.7037966,2/23/2022,281.417505
502,278.93417,294.6562225,279.145581,289.4034495,286.3968835,2/24/2022,286.4250025
503,281.9375,291.5174104,282.1514774,286.1421527,287.1474972,2/25/2022,286.4250025
504,286.48053,284.9113284,286.6988506,285.3895944,286.5613558,2/28/2022,285.43332
505,289.9375,273.6600028,290.1587574,282.1580442,283.5007226,3/1/2022,281.42334
506,291.12625,269.4587559,291.3487191,278.7170197,281.1267601,3/2/2022,279.82666
507,289.12805,270.7783313,289.3492939,280.0888462,281.9102826,3/3/2022,279.54667
508,284.5249,274.9359869,284.7429186,279.0396422,280.3669768,3/4/2022,279.43332
509,278.59875,271.5499808,278.813101,274.3119862,276.2948747,3/7/2022,274.8
510,273.50034,267.2705511,273.7110442,268.7089647,271.7870812,3/8/2022,270.12
511,270.66556,266.8865015,270.8743645,268.3399028,269.1336191,3/9/2022,268.52335
512,269.70392,267.8380953,269.9122642,268.9384573,269.7962213,3/10/2022,268.52335
513,269.98175,279.5189603,270.1905921,274.2046781,276.1462718,3/11/2022,274.457495
514,271.4932,296.8089998,271.704054,283.4447552,284.6067615,3/14/2022,283.609165
515,275.6466,318.9986739,275.8609789,296.3431577,296.7776706,3/15/2022,296.26
516,283.3316,333.3712337,283.5522483,307.5439155,308.3855079,3/16/2022,307.05334
517,294.1107,349.4590547,294.3400322,319.7893388,320.2933063,3/17/2022,320.299165
518,306.71756,360.9802137,306.9570551,332.7165707,330.4472648,3/18/2022,332.44
519,319.6822,354.6656612,319.9328077,336.4693933,335.57844,3/21/2022,336.411665
520,332.4194,349.6217262,332.6803526,340.3196042,344.5485422,3/22/2022,340.6
521,343.20694,373.4955404,343.4767151,352.1884669,356.0407133,3/23/2022,357.70334
522,351.35843,375.0165242,351.6349779,365.6213565,362.4806719,3/24/2022,362.662495
523,356.8461,371.4127885,357.1273398,362.3894388,364.2455281,3/25/2022,363.72333
524,360.12555,369.935274,360.4104996,363.9988417,364.4925788,3/28/2022,364.66333
525,361.1048,367.0930719,361.3908987,363.8215524,363.4732262,3/29/2022,363.75333
526,360.68372,364.8591065,360.9698594,362.0627941,361.679569,3/30/2022,362.43332
527,360.03024,361.3981251,360.3162432,360.5627119,360.1442592,3/31/2022,360.38333
528,360.18137,355.5090314,360.4678616,357.2221364,354.3314141,4/1/2022,357.51
529,360.77643,339.1579412,361.0645249,348.9106301,346.6522164,4/4/2022,349.48
530,359.86188,325.2969561,360.1496188,340.0342827,341.4351314,4/5/2022,341.83
531,356.87997,325.2699309,357.1657033,338.2862283,337.7674719,4/6/2022,340.39667
532,351.96732,314.7736249,352.2494781,334.1127367,333.9075882,4/7/2022,332.54666
533,346.55286,317.8724463,346.8310393,330.4735365,331.0343572,4/8/2022,331.5991725
534,341.44794,324.4712174,341.7230895,331.2791945,332.3894662,4/11/2022,332.54666
535,338.02042,329.7734465,338.2931589,330.6792028,333.1655338,4/12/2022,333.565835
536,337.03625,333.1153573,337.3085546,335.3772786,334.2767171,4/13/2022,334.76334
537,337.70175,335.4382585,337.974941,336.1610959,335.1736146,4/14/2022,336.26
538,338.68515,334.3582057,338.9605466,336.3119477,335.5373659,4/18/2022,336.20667
539,338.40732,328.9373979,338.6828412,333.016514,333.7158529,4/19/2022,333.33334
540,334.3766,329.8667726,334.6491767,327.7260035,326.271845,4/20/2022,331.81
541,326.86523,298.8112069,327.1320414,313.9433454,311.3377552,4/21/2022,312.2375
542,318.05798,283.4734865,318.3179328,298.5528454,299.7435986,4/22/2022,299.99335
543,309.19043,287.652653,309.4440982,296.7923102,297.0376836,4/25/2022,297.95417
544,299.73938,297.0479965,299.9856068,297.3163806,297.806488,4/26/2022,298.1175
545,291.19125,309.6418646,291.430762,299.4026983,300.0153953,4/27/2022,300
546,284.96918,318.6425118,285.2038648,301.1469111,301.4769862,4/28/2022,301.06
547,281.49823,322.4000482,281.7303523,300.8760367,300.1442341,4/29/2022,300.98
548,281.38818,311.9414287,281.6210948,295.7650076,294.6224654,5/2/2022,296
549,283.509,294.2190534,283.7439648,287.0593099,283.8377951,5/3/2022,288.55
550,285.58594,265.5235206,285.8229185,278.2226707,271.8610482,5/4/2022,275.12
551,284.68707,250.2699096,284.9236045,265.697762,263.7380741,5/5/2022,266.68
552,279.80563,238.4838519,280.0384011,258.5303288,258.3137967,5/6/2022,258.08334
553,271.5186,241.2822201,271.7453076,256.2369026,254.2797941,5/9/2022,255.72
554,261.73495,240.2315899,261.9537805,253.1499219,250.7400797,5/10/2022,250.52333
555,252.25124,246.4786907,252.4623956,247.0168999,249.4676766,5/11/2022,249.12
556,244.82312,252.4200566,245.0283168,248.6298454,248.1879248,5/12/2022,248.3650025
557,239.57191,243.8024136,239.7729597,241.5432304,242.6773236,5/13/2022,241.45667
558,235.78114,237.8636764,235.9797441,236.9292811,236.5028115,5/16/2022,236.60333
559,233.1518,222.7947987,233.3484236,229.0781375,227.8814062,5/17/2022,227.705835
560,231.31467,210.8852,231.5099876,220.1580815,221.3070928,5/18/2022,220.661665
561,229.86305,210.1798089,230.057387,219.4961611,219.9269157,5/19/2022,219.6
562,228.54129,213.0801232,228.7347456,220.5780414,220.7847716,5/20/2022,220.47333
563,227.9763,229.3577708,228.1699929,228.5538739,229.5500384,5/23/2022,228.4566675
564,228.17639,260.628536,228.3704892,243.1845026,242.4354093,5/24/2022,243.64
565,229.64363,266.0133602,229.839216,249.1919891,246.2842145,5/25/2022,246.934165
566,232.39459,264.7039179,232.5927624,247.1557252,247.5834828,5/26/2022,247.79666
567,235.9675,254.5673209,236.1689615,245.0298103,245.1412958,5/27/2022,244.86667
568,239.13048,247.8465894,239.3356379,243.1956975,243.3003385,5/31/2022,243.22667
569,241.49258,239.8757844,241.7000224,240.5945446,240.0244089,6/1/2022,240.4625
570,243.20901,237.2609439,243.4181809,239.9043137,238.7225934,6/2/2022,239.99667
571,243.35985,236.1334981,243.5693974,239.6566164,238.8227226,6/3/2022,239.5
572,241.80788,236.4334289,242.0168455,239.112974,237.2957963,6/6/2022,238.88667
573,239.26746,228.6805743,239.4744789,234.6908382,232.8835986,6/7/2022,233.6999975
574,236.22891,218.40161,236.4335524,226.4261555,226.9926371,6/8/2022,226.9325
575,232.55,213.7285539,232.7516984,222.622975,222.5331328,6/9/2022,222.73666
576,229.00906,210.4083577,229.2079266,219.4751006,219.8424777,6/10/2022,219.3108325
577,226.5316,215.8358952,226.7290207,221.1407143,222.0700068,6/13/2022,220.91667
578,225.62317,223.9980192,225.8200322,224.7617602,223.768538,6/14/2022,224.60333
579,226.60754,231.1068932,226.8055022,230.4688744,228.4704065,6/15/2022,228.63667
580,228.4318,242.6797786,228.6315831,234.4741858,234.1885251,6/16/2022,235.2325
581,231.14058,245.125584,231.3429792,238.2349962,238.3020703,6/17/2022,237.8124975
582,234.41583,244.7678947,234.6220776,238.7670146,239.8609476,6/21/2022,239.31667
583,237.48743,238.7635727,237.6966218,239.6120912,238.5733834,6/22/2022,237.90666
584,239.62756,233.024536,239.8388935,235.0939686,235.7640721,6/23/2022,236.08667
585,240.80864,220.5196293,241.0212621,230.6180706,231.8360524,6/24/2022,230.23
586,240.20184,217.0224361,240.414681,228.6052384,228.7675085,6/27/2022,228.1091675
587,237.87517,217.5229844,238.0861919,229.1858739,228.3466521,6/28/2022,227.26334
588,235.18524,224.2780639,235.3941245,227.9589182,228.9919273,6/29/2022,229.45667
589,233.25497,231.5935253,233.4623859,232.7580493,231.6013207,6/30/2022,232.21
590,233.16,235.9644991,233.3675737,234.138075,234.4275833,7/1/2022,234.34334
591,235.06493,239.0794164,235.275172,236.8517557,236.9011399,7/5/2022,236.84666
592,238.24216,240.2182438,238.4554928,239.3869062,237.5279915,7/6/2022,239.009165
593,241.51483,233.0746075,241.7313496,238.9323369,236.5656819,7/7/2022,237.04
594,243.53152,230.8520625,243.7501045,236.5341191,237.3383985,7/8/2022,236.89
595,242.60475,234.5270253,242.8232581,238.1246005,238.9985046,7/11/2022,238.31334
596,239.98607,240.4539649,240.2024668,240.454071,241.7612071,7/12/2022,240
597,237.93405,249.6188581,238.1488473,242.0770101,244.1841543,7/13/2022,243.48334
598,237.32759,253.3841406,237.5420865,245.3967954,244.3491506,7/14/2022,245
599,237.81776,258.0486583,238.0329507,247.4415577,245.9706665,7/15/2022,247.5
600,239.0542,291.5010627,239.2712519,263.8165453,260.4939693,7/18/2022,263.7366675
601,241.81384,296.0361476,242.0336531,268.1247031,267.7880566,7/19/2022,267.31
602,246.22769,294.6069294,246.4517708,265.9148255,269.3449462,7/20/2022,269.0866675
603,252.35988,294.174223,252.5898013,272.9751256,271.2033689,7/21/2022,272.21667
604,259.23624,287.599757,259.4726945,272.9167311,274.8172206,7/22/2022,272.8
605,266.14532,293.572156,266.3889168,279.9861775,280.5687796,7/25/2022,279.26667
606,272.96057,306.1558633,273.2106855,291.333393,288.0074177,7/26/2022,288.8175
607,280.57333,315.5518665,280.830716,297.8845091,295.6253847,7/27/2022,297.27667
608,288.67783,315.0018249,288.9429437,301.184279,300.8166803,7/28/2022,301.27667
609,296.9587,309.0567098,297.231742,302.4913887,302.5311756,7/29/2022,302.67
610,304.30338,301.5973178,304.5841119,302.4056636,302.2467217,8/1/2022,302.67
611,309.56525,293.5006229,309.8511602,301.0318981,300.9197051,8/2/2022,301.15
612,311.89398,279.3952652,312.1823714,295.0024609,295.563847,8/3/2022,294.9275025
613,310.5856,275.7776183,310.8731052,292.0798854,292.0442434,8/4/2022,292.39667
614,305.19434,280.6492371,305.4771668,292.5887659,290.5531142,8/5/2022,292.39667
615,297.4425,290.4571305,297.719082,293.6994479,292.6759521,8/8/2022,293.6599975
616,290.0488,307.2178711,290.318802,297.4802063,297.9327156,8/9/2022,298.23666
617,284.9503,320.2038335,285.215842,301.9329669,302.0467091,8/10/2022,301.78668
618,282.72876,327.4636931,282.9925393,303.8330068,303.0279912,8/11/2022,303.99667
619,284.38574,325.5557156,284.651364,304.2375789,303.1404851,8/12/2022,303.99667
620,289.0383,317.9454485,289.3091707,303.1868769,301.4759676,8/15/2022,302.87
621,294.7104,303.5559345,294.9868821,299.5435159,298.0959409,8/16/2022,298.82666
622,300.1331,294.6301676,300.4149814,296.3179864,295.9713966,8/17/2022,297.09668
623,304.15195,289.5704795,304.4379329,296.8330552,296.0437597,8/18/2022,296.5
624,306.48538,286.5329246,306.7738815,295.922612,296.4943003,8/19/2022,296.07
625,307.02252,286.0316316,307.312487,296.0378931,295.9661036,8/22/2022,296.07
626,305.07095,279.2348829,305.3593932,292.2842147,292.6789238,8/23/2022,291.6
627,300.36932,275.6290397,300.6536313,285.836197,287.3476797,8/24/2022,287.47
628,293.52057,269.9864774,293.7986998,281.9929623,282.5237485,8/25/2022,281.25
629,285.64246,270.4733572,285.9134197,277.2314756,278.2767649,8/26/2022,277.7
630,278.14,273.7377297,278.4047311,275.2151498,275.240347,8/29/2022,275.6775
631,271.39072,280.4080294,271.6492923,274.6398906,274.1297421,8/30/2022,275.61
632,266.19177,286.6735046,266.4456722,277.2535891,275.8325958,8/31/2022,275.99
633,263.13043,300.7830779,263.3816861,280.443991,280.7539157,9/1/2022,281.07
634,262.4583,309.9472029,262.7091988,285.3440096,286.7570609,9/2/2022,284.955
635,264.60278,322.095462,264.8568221,291.1196786,291.8053765,9/6/2022,291.67
636,269.8053,319.2237298,270.0646128,295.7928239,295.8429357,9/7/2022,293.2075
637,277.22574,324.9152144,277.4924743,295.4258151,300.5119294,9/8/2022,299.85
638,285.79623,317.0031767,286.071514,301.7480691,303.8226905,9/9/2022,300.72
639,294.06607,307.7759004,294.3502355,301.5465432,304.1744977,9/12/2022,300.5675
640,301.27948,306.7214307,301.5709295,305.4141855,303.4999016,9/13/2022,303.71
641,306.84338,301.4473718,307.1405355,306.3644752,303.3564414,9/14/2022,303.855
642,310.3912,297.0120591,310.6921158,302.6519916,303.2438048,9/15/2022,303.35
643,311.88135,290.6442614,312.1840283,300.7976183,298.8487485,9/16/2022,300.8
644,311.09937,278.1416224,311.4022598,293.5285159,291.0039389,9/19/2022,293.89
645,307.04303,263.3347309,307.342295,283.4274505,284.3278982,9/20/2022,284.09
646,299.08945,268.7222161,299.3812719,280.6395235,282.4324272,9/21/2022,283.24
647,288.227,277.9052753,288.5085164,283.726815,282.0452488,9/22/2022,282.76
648,276.87793,278.6534515,277.1486597,277.3229944,279.3516469,9/23/2022,277.51
649,267.0237,284.911208,267.2856418,275.865183,275.3484929,9/26/2022,275.57
650,259.84763,272.3462075,260.102787,268.1079994,267.1383241,9/27/2022,265.78
651,255.20532,254.2619286,255.456191,252.4097316,255.5516299,9/28/2022,254.5
652,251.5927,242.2870084,251.8402769,246.8674898,245.8654481,9/29/2022,246.67
653,248.39693,235.1081678,248.6416207,241.6057016,240.7679621,9/30/2022,241.44
654,245.07457,231.8064233,245.3167571,238.500802,235.9678042,10/3/2022,238.13
655,241.67795,216.2472858,241.9170307,229.6463499,228.0970079,10/4/2022,228.4
656,238.11563,209.3394028,238.3514379,221.5012572,222.9731307,10/5/2022,223.06
657,234.47083,208.5905795,234.703267,221.1778876,220.0410417,10/6/2022,220.95
658,230.69144,207.0666647,230.9203723,218.4428358,217.7576539,10/7/2022,218.36
659,227.36162,205.2874145,227.5879601,216.0582555,216.6472747,10/10/2022,215.845
660,224.5729,210.5318076,224.7967064,217.4056566,217.5922235,10/11/2022,217.24
661,222.70721,217.3284493,222.9293872,219.9808214,219.1364341,10/12/2022,219.8
662,221.40475,214.6073217,221.6258589,217.9455568,216.9793847,10/13/2022,217.78
663,219.40015,212.1556646,219.6194776,215.439916,214.6836991,10/14/2022,215.55
664,217.35402,211.9529242,217.5719845,214.3843328,212.9739048,10/17/2022,214.44
665,215.31104,207.6455542,215.5271762,211.5903655,211.141421,10/18/2022,211.25
666,214.13756,208.7834551,214.3527442,210.6403095,212.507676,10/19/2022,211.25
667,214.48633,219.3733365,214.7020884,216.4456024,216.5603247,10/20/2022,216.7175
668,216.82948,229.4575929,217.0478264,223.1651485,221.611943,10/21/2022,222.85
669,220.6377,229.425017,220.8605635,225.0156219,226.8157575,10/24/2022,224.7825
670,224.72285,230.2876719,224.9500835,226.3620338,228.8364661,10/25/2022,227.28
671,227.3934,227.5831336,227.6235683,228.3322059,228.3345826,10/26/2022,227.28
672,227.80167,224.703166,228.0324832,225.9608332,226.3584905,10/27/2022,226.04
673,226.10078,219.5552073,226.3301135,222.6531723,222.8018806,10/28/2022,222.6
674,222.5274,208.0693473,222.7538055,215.0572199,216.6175927,10/31/2022,214.98
675,217.17426,203.706368,217.3954361,209.6807677,209.6269504,11/1/2022,210.14
676,210.46902,195.8121182,210.6835959,204.6361578,202.1756898,11/2/2022,202.8225
677,203.38147,185.4287667,203.5890273,193.9290316,196.0535271,11/3/2022,194.02
678,196.35803,186.12879,196.5586268,190.6948489,193.2404525,11/4/2022,191
679,190.10376,191.8096591,190.2985596,190.2718516,192.87058,11/7/2022,190.78
680,185.44905,196.9745882,185.6392744,190.1412682,192.6040932,11/8/2022,190.95
681,182.68591,200.0585723,182.8734928,191.0642059,192.1356211,11/9/2022,191
682,182.4782,200.181454,182.6657518,190.8773075,190.9065201,11/10/2022,190.95
683,184.43701,189.7837214,184.6267739,187.0784943,187.6763503,11/11/2022,186.92
684,187.09875,183.3592282,187.2918408,185.3699843,184.8062398,11/14/2022,185.05
685,188.87665,173.5778713,189.0717655,182.0250974,180.7061604,11/15/2022,180.9
686,188.97493,165.6564773,189.1703459,176.6212295,177.1382092,11/16/2022,176.77
687,187.32243,167.1178438,187.516336,176.5871415,176.7797921,11/17/2022,176.77
688,184.21034,172.7454208,184.4012156,178.3993148,179.0444496,11/18/2022,178.2225
689,180.2845,181.7096807,180.4718693,181.0752391,181.4019592,11/21/2022,180.83
690,176.93167,189.3334472,177.1157402,183.4893913,182.6459831,11/22/2022,182.86
691,175.05356,195.848862,175.235856,185.7283898,185.6218388,11/23/2022,184.99
692,174.6626,203.8066193,174.8448523,188.299986,188.7336099,11/25/2022,188.5
693,175.83678,208.0906667,176.0208065,190.7903372,190.8504289,11/28/2022,191.11
694,177.94061,205.6303591,178.12703,190.7577254,189.8184127,11/29/2022,191.11
695,181.02802,191.3096868,181.2178555,186.5751946,184.4633383,11/30/2022,185.9275
696,183.72717,176.6815643,183.9200353,179.9193796,179.1005636,12/1/2022,180.005
697,185.00198,170.0142277,185.1963771,177.1506751,176.7147197,12/2/2022,177.1875
698,183.91202,167.1446364,184.1058412,175.1072171,175.273286,12/5/2022,175.1675
699,180.80794,167.4470208,180.9986781,173.9445313,174.4553532,12/6/2022,173.84
700,176.30777,168.5011787,176.4939467,171.4197309,171.7322062,12/7/2022,172.2025
701,171.17606,163.1170311,171.3569923,167.2915398,165.9808827,12/8/2022,166.945
702,165.65915,154.1215977,165.8344268,159.6053908,160.0293081,12/9/2022,159.64
703,159.49893,154.4293446,159.6681905,157.0165067,156.5797352,12/12/2022,156.8
704,153.26614,155.0210599,153.428948,155.2419366,154.1939703,12/13/2022,154
705,147.93498,152.4539628,148.0922778,148.9087918,149.0263673,12/14/2022,150.04
706,143.75165,141.5082988,143.9046453,142.9952534,142.2474344,12/15/2022,142.495
707,140.09474,135.5155668,140.2439931,137.2655916,135.281583,12/16/2022,137.66
708,136.75421,123.9202499,136.9003315,129.5388973,128.1475624,12/19/2022,130.06
709,133.38364,113.9099784,133.5262942,121.6886302,122.3126573,12/20/2022,123.15
710,129.91724,112.5657787,130.0563221,120.509829,120.0174862,12/21/2022,120.82
711,126.28431,114.1422954,126.4196375,120.1740249,119.4293025,12/22/2022,119.95
712,122.49441,112.915864,122.6258022,117.4536777,117.7539287,12/23/2022,117.5
713,118.86041,113.9445617,118.9884047,116.2039319,115.7791422,12/27/2022,116.27
714,116.08276,113.3238161,116.2078858,115.0732774,113.4853717,12/28/2022,114.59
715,114.35721,109.4024404,114.4805897,112.6507362,111.7295017,12/29/2022,111.75
716,113.51371,110.2153886,113.6362997,111.4182918,111.4985058,12/30/2022,111.75
717,113.16858,114.322596,113.291268,114.0097171,114.3810975,1/3/2023,113.64
718,113.73481,124.4229394,113.8582312,117.7307172,118.2517573,1/4/2023,118.85
719,115.27907,124.8097849,115.4042853,121.9199181,120.1161753,1/5/2023,119.84
720,117.64989,124.8179544,117.7778022,120.6701522,121.3409122,1/6/2023,121.07
721,120.244934,125.1486608,120.3760468,122.2660172,122.4053297,1/9/2023,122.56
722,122.824356,124.5279372,122.9584094,123.3801921,123.8032988,1/10/2023,123.56
723,125.597244,126.0334822,125.7344549,125.1284302,125.5064316,1/11/2023,125.7
724,128.9075,126.0419749,129.0484626,127.637462,127.7287501,1/12/2023,127.35
725,132.83372,128.9151922,132.9791182,130.542987,130.7584027,1/13/2023,130.74
726,136.97858,130.367829,137.1290779,133.7717708,134.2756822,1/17/2023,133.51
727,140.51582,135.9154752,140.6703576,137.2148629,138.1221917,1/18/2023,138.07
728,143.7592,142.5055948,143.9174521,143.5489913,142.2719916,1/19/2023,143
729,147.46817,143.5841589,147.6306578,145.6533936,147.2054585,1/20/2023,145.38
730,152.18718,168.4591139,152.3553428,160.542689,157.0033696,1/23/2023,159.97
731,157.74207,168.2868014,157.9165312,166.7103427,163.5797101,1/24/2023,162.78
732,164.01775,176.3781432,164.1993238,164.2395679,168.2615727,1/25/2023,169.93
733,170.88043,178.1139485,171.0697855,176.0169602,172.9161367,1/26/2023,174.3
734,177.999,181.8914908,178.19642,179.1433166,178.9334344,1/27/2023,179.77
735,184.1378,184.0992927,184.342614,183.7529724,183.7580366,1/30/2023,183.95
736,189.5536,189.8939034,189.7646375,189.7416058,189.3372342,1/31/2023,189.55
737,194.4649,194.5111758,194.6816087,194.4033131,194.2697273,2/1/2023,194.31
738,198.38351,194.8523036,198.6047919,196.3792081,196.5041445,2/2/2023,196.43
739,201.1031,194.317054,201.3276243,197.4861718,197.0881585,2/3/2023,197.5
740,202.73915,191.5601574,202.9661323,196.7967675,197.9124532,2/6/2023,196.89
741,203.66992,195.8767728,203.8981576,198.8063467,200.0347766,2/7/2023,199.5525
742,204.01303,205.9065885,204.241864,204.5042552,202.4449434,2/8/2023,204.77
743,203.71333,200.7477821,203.9420423,203.1684934,203.7849396,2/9/2023,202.04
744,202.9414,204.5548164,203.1694604,202.5074822,204.3054848,2/10/2023,203.56
745,202.60017,210.0650508,202.8284784,204.9063983,204.8346857,2/13/2023,206.11
746,203.4625,204.0309312,203.6919822,202.1249347,204.394654,2/14/2023,203.56
747,204.72981,199.7510733,204.9609438,200.0380007,202.3714959,2/15/2023,202.04
748,204.7752,195.6747001,205.0066034,200.6696419,200.9900556,2/16/2023,199.99
749,203.65749,199.2553767,203.8878312,200.9296399,201.244445,2/17/2023,201.26
750,201.50232,202.8500784,201.7310674,202.3823782,202.8400269,2/21/2023,201.99
751,199.33109,208.4951273,199.5575763,202.1385381,203.2201487,2/22/2023,203.675
752,197.71274,206.8200163,197.9375964,204.0805643,202.29809,2/23/2023,202.03
753,196.89272,207.6813843,197.1168465,201.5656937,200.9410309,2/24/2023,202.03
754,196.79736,200.6248608,197.0220014,198.0715657,197.9410654,2/27/2023,198.52
755,197.00432,191.7865718,197.229398,193.0367867,194.1583158,2/28/2023,194.2
756,197.30025,185.9777383,197.5258707,191.3918625,191.5222424,3/1/2023,191.38
757,197.5987,182.7347681,197.8248647,189.7662641,188.8086619,3/2/2023,189.8475
758,197.07082,174.0621788,197.2965882,185.2293264,184.325313,3/3/2023,185.04
759,194.86676,163.422442,195.0906169,178.5590279,179.3786346,3/6/2023,178.29
760,191.01978,164.9603412,191.2394119,177.4713552,177.5383109,3/7/2023,177.35
761,186.30266,169.060792,186.5170651,178.7717505,178.7255281,3/8/2023,177.31
762,181.71619,175.2491203,181.9255046,177.6794828,179.3640391,3/9/2023,178.29
763,178.59677,182.4948016,178.8026823,180.579277,179.8924513,3/10/2023,180.37
764,177.83102,184.1555506,178.0366087,180.7335646,180.7148594,3/13/2023,180.8
765,179.52103,185.435955,179.7287521,181.254686,182.3862009,3/14/2023,182.2875
766,182.55278,189.4720727,182.764204,185.7314263,185.0704,3/15/2023,185.81
767,186.15817,191.5256755,186.3739662,188.9921695,188.410223,3/16/2023,188.65
768,189.51265,193.1549721,189.7325292,190.9493055,191.2359397,3/17/2023,191.15
769,192.23389,192.8390932,192.457525,192.2353807,192.3168402,3/20/2023,192.36
770,193.95613,190.4120532,194.1819751,192.1302578,192.2798102,3/21/2023,192
771,193.87143,190.932045,194.0973771,191.6979982,192.0353923,3/22/2023,192.22
772,192.25635,192.8165642,192.4806135,192.6126555,192.5916696,3/23/2023,192.36
773,190.08998,199.2132134,190.3119181,194.2228482,193.7105364,3/24/2023,194.42
774,188.0738,203.1340412,188.2939781,195.0125363,194.863341,3/27/2023,195.28
775,186.68417,205.2753838,186.9029128,194.7369007,195.3511455,3/28/2023,195.58
776,186.48328,205.4965256,186.7019747,195.3679083,194.5561764,3/29/2023,195.58
777,187.77802,197.8668826,187.9984276,192.7861079,191.0520825,3/30/2023,192.58
778,190.2474,185.368105,190.4709154,187.6085855,186.8651159,3/31/2023,187.62
779,192.21317,181.0746177,192.4395855,186.539287,186.113042,4/3/2023,186.39
780,192.82115,178.8225524,193.0484892,186.2952099,186.1808059,4/4/2023,185.52
781,191.70387,178.9739075,191.9300927,184.1508605,185.3781731,4/5/2023,185.06
782,189.62819,180.8156638,189.8521575,185.30045,185.3838939,4/6/2023,185
783,187.095,185.0512769,187.316758,185.7144254,186.7517,4/10/2023,185.9
784,184.17662,187.543899,184.3951103,185.6733971,185.680441,4/11/2023,185.6825
785,181.06097,187.9612984,181.2759566,185.3681511,184.598352,4/12/2023,184.31
786,178.60265,189.0420131,178.8148957,183.4445575,184.4541485,4/13/2023,183.58
787,177.2408,183.5648675,177.4516152,180.0712281,178.3433148,4/14/2023,180.21
788,176.8878,156.0679699,177.0987519,165.5220735,166.6799861,4/17/2023,166
789,176.9671,153.4710349,177.1783309,162.1054023,164.37145,4/18/2023,164.65
790,176.90392,149.6345884,177.1152533,164.3263216,162.5406408,4/19/2023,162.55
791,176.01947,146.9279329,176.2299351,160.4035852,160.9684007,4/20/2023,160.67
792,174.10556,148.1919733,174.3139183,160.5152288,160.6846613,4/21/2023,160.48
793,170.92133,150.952764,171.1264077,160.4247475,160.5719294,4/24/2023,160.48
794,166.91919,154.5720814,167.1196435,160.4012726,161.003235,4/25/2023,160.48
795,163.00276,159.115547,163.1986826,160.1513003,160.3755384,4/26/2023,160.9
796,160.52171,163.0897081,160.7148194,161.9726232,160.4021685,4/27/2023,161.6525
797,159.70341,164.2855463,159.8957032,161.7590611,160.5915841,4/28/2023,161.83
798,160.048,166.2087785,160.241208,163.0127408,162.304632,5/1/2023,162.95
799,160.88017,172.7564978,161.0745489,166.737088,165.967477,5/2/2023,166.56
800,162.11586,176.3950438,162.3118982,169.1207925,168.6188489,5/3/2023,168.95
801,163.95184,176.2206749,164.1502726,169.7847744,169.8105418,5/4/2023,169.82
802,166.2816,174.7044957,166.4830233,170.2642394,170.0852103,5/5/2023,170.285
803,168.57365,169.6376244,168.7783804,168.8696962,169.6402185,5/8/2023,168.95
804,170.40427,167.0017438,170.6113935,168.0647616,168.8326525,5/9/2023,168.54
805,171.28621,165.8856599,171.4945869,168.8688094,168.55312,5/10/2023,168.41
806,171.28569,168.0800993,171.4942461,169.4130212,169.1650025,5/11/2023,169.52
807,170.4305,171.8658566,170.6381884,171.0596596,170.5685793,5/12/2023,170.99
808,169.64006,181.1807908,169.8473201,175.2450681,173.9002176,5/15/2023,175.155
809,170.19888,188.3749074,170.407003,179.1542034,177.456909,5/16/2023,178.8925
810,172.78328,191.8330193,172.9947397,182.1174174,181.0918452,5/17/2023,181.8925
811,177.2649,191.7989896,177.4820226,184.0081997,183.4703372,5/18/2023,184.22
812,183.01848,186.8398219,183.2428467,184.8646903,184.314613,5/19/2023,184.75
813,189.37463,183.4142347,189.6073868,186.2887933,185.667295,5/22/2023,186.2
814,195.2144,185.7127212,195.4545353,190.5640398,190.2955317,5/23/2023,190.23
815,199.86272,199.2431146,200.1087771,198.2544731,198.0684739,5/24/2023,199.37
816,202.84407,199.8556488,203.0940128,201.9061243,201.6727483,5/25/2023,201.16
817,205.03725,204.9780952,205.2901054,204.2896376,205.18748,5/26/2023,204.82
818,207.19713,218.3998035,207.4535149,213.1748443,212.4566204,5/30/2023,212.53
819,210.1365,225.0160807,210.3967481,216.4437323,218.11959,5/31/2023,217.25
820,214.20842,229.0248097,214.473929,219.3271195,220.4083003,6/1/2023,221.29
821,219.15747,229.8200462,219.4293427,224.7637182,223.5061742,6/2/2023,224.22
822,224.16942,238.1242521,224.4482092,231.3115657,230.3928195,6/5/2023,230.83
823,229.13239,261.5690824,229.4175873,245.2943386,243.7236689,6/6/2023,244.59
824,233.8004,267.4480386,234.091656,250.3269493,249.3394677,6/7/2023,249.83
825,238.63371,265.2081793,238.9312389,251.2983986,252.3285336,6/8/2023,251.34
826,243.09647,269.8717449,243.3998099,255.6987769,255.7186674,6/9/2023,255.9
827,247.91309,270.9113723,248.2232157,258.4603675,258.687161,6/12/2023,258.92
828,253.76735,267.0126969,254.0850672,258.67968,259.8589347,6/13/2023,260.0675
829,260.4875,260.124219,260.813891,260.3662329,260.0975754,6/14/2023,260.0675
830,267.41058,254.3113345,267.7459406,260.5023305,260.802797,6/15/2023,260.54
831,273.40646,246.3532231,273.7496252,259.2101909,257.9572474,6/16/2023,259.29
832,277.55707,237.660225,277.9065969,256.8922224,254.0681597,6/20/2023,256.6
833,278.74295,226.0178597,279.0942636,250.2170143,251.9030436,6/21/2023,250.77
834,277.66827,232.0609033,278.0185222,248.4266267,251.6202601,6/22/2023,253.61
835,274.73618,234.6624175,275.0830118,254.9759514,252.6988032,6/23/2023,253.6775
836,270.33612,246.7356014,270.6782479,259.141997,255.6726179,6/26/2023,258.03
837,266.59283,257.3236972,266.9305024,264.6710015,264.1355563,6/27/2023,261.6775
838,264.13843,289.9497639,264.4732624,270.6750274,275.6687064,6/28/2023,276.49
839,263.09494,291.9004714,263.4287265,279.3898182,279.7274017,6/29/2023,276.87
840,263.49457,292.827863,263.829136,276.1007194,278.4504632,6/30/2023,277.52
841,265.50687,288.559682,265.8448204,275.2409219,275.8569173,7/3/2023,276.54
842,268.76688,280.0003619,269.1095403,271.1148391,274.271751,7/5/2023,274.075
843,272.26898,276.39881,272.616395,273.8312033,273.6108137,7/6/2023,274.075
844,275.17358,274.5100094,275.5249903,275.0768706,274.1369876,7/7/2023,274.59
845,276.6372,276.5291849,276.991348,276.6891635,276.111218,7/10/2023,276.33
846,276.90536,283.6482989,277.2601381,280.3086856,280.3587616,7/11/2023,280
847,276.48224,297.6950002,276.8367581,285.3833524,284.8660263,7/12/2023,286.63
848,276.3697,297.8162335,276.7243532,287.5556442,286.4758705,7/13/2023,286.63
849,276.97366,297.1668105,277.3293905,285.7770301,281.2716588,7/14/2023,286.63
850,278.12134,264.8331767,278.4794093,269.9086094,270.4325585,7/17/2023,271.1475
851,278.78827,259.8186355,279.1474899,263.888379,266.8611486,7/18/2023,268.89
852,277.4552,253.5679559,277.8129927,268.9947945,266.1288192,7/19/2023,265
853,273.33475,256.1293079,273.6875114,263.1533232,265.8076736,7/20/2023,264.35
854,267.77255,261.4496482,268.1184173,264.8730779,266.5377105,7/21/2023,264.35
855,262.24225,268.8449286,262.5817908,265.5707041,267.1875635,7/24/2023,265.28
856,257.18683,272.2056797,257.5200935,264.6613718,265.4747019,7/25/2023,264.3475
857,252.78778,274.0117886,253.115609,262.9212661,262.9719491,7/26/2023,262.945
858,249.47737,272.4874114,249.8011666,260.6778449,260.7926039,7/27/2023,260.49
859,248.18773,273.3988366,248.5101093,260.026615,259.3911184,7/28/2023,260.25
860,248.61852,263.1975054,248.9422329,255.2447857,256.725951,7/31/2023,255.57
861,250.05081,256.6763351,250.3766554,251.7772554,253.7772092,8/1/2023,253.11
862,251.84682,251.5140812,252.1752637,252.3449642,251.9204914,8/2/2023,251.45
863,253.74086,246.4254552,254.0720415,249.7142501,249.8780971,8/3/2023,249.8275
864,254.4287,239.0330362,254.7610403,246.4651164,246.901345,8/4/2023,246.385
865,253.94322,234.4718121,254.2757271,243.9289364,244.0092248,8/7/2023,243.79
866,252.1679,232.2258296,252.498336,242.2121612,241.5531549,8/8/2023,241.77
867,248.75667,229.5275155,249.082901,239.0548983,238.8639081,8/9/2023,238.73
868,244.57867,224.2318264,244.8996831,233.7028056,233.3752117,8/10/2023,233.97
869,240.4456,216.6329606,240.7614373,228.2243681,228.0059667,8/11/2023,228.02
870,236.51611,216.4622677,236.8275267,226.3106721,226.3847911,8/14/2023,226.06
871,232.35304,220.3406232,232.659217,226.7798495,227.1345019,8/15/2023,226.06
872,228.02293,225.8776423,228.3236404,226.2106318,228.0741438,8/16/2023,226.74
873,224.06532,236.6069841,224.3610439,229.9906353,230.2161538,8/17/2023,230.04
874,221.36537,246.096621,221.6577602,233.3140949,232.2669142,8/18/2023,233.19
875,220.38126,253.0870963,220.6730343,236.0480417,235.7597097,8/21/2023,235.9525
876,220.67032,258.4161413,220.9627097,238.0026773,237.9479474,8/22/2023,238.58
877,222.24895,257.3124445,222.5436618,240.7952567,241.2925879,8/23/2023,238.92
878,224.81642,273.5291092,225.1147753,246.415792,247.3338824,8/24/2023,247.7525
879,228.84915,282.8767648,229.1530959,255.1271545,253.4058873,8/25/2023,254.2
880,234.2309,279.3206742,234.542721,256.3485037,255.6039584,8/28/2023,255.55
881,240.97084,270.6375796,241.2918895,255.8576014,255.6264308,8/29/2023,255.14
882,247.7871,256.5914042,248.117483,251.591999,251.8119709,8/30/2023,251.92
883,253.1784,249.4703952,253.5162473,251.2004722,249.7393919,8/31/2023,251.0875
884,255.98817,248.2872028,256.3300323,251.9585754,250.6132144,9/1/2023,251.8775
885,257.0484,253.7100593,257.3927471,254.888097,256.8799627,9/5/2023,255.14
886,257.26434,276.7809423,257.6092471,266.6143741,267.151031,9/6/2023,266.6
887,257.19763,284.8433877,257.5427146,272.0211008,270.6593096,9/7/2023,270.42
888,257.19897,286.6987804,257.5443274,271.0977706,270.7349956,9/8/2023,271.3
889,257.70242,285.8434462,258.0492583,271.0044511,270.5168899,9/11/2023,271.16
890,258.8136,284.5165166,259.1621993,270.7547565,270.9523906,9/12/2023,271.1125
891,260.8415,280.8642301,261.1930959,270.3445538,270.6668556,9/13/2023,270.42
892,263.59573,269.9302399,263.9513254,266.5009735,266.854202,9/14/2023,266.5
893,266.0682,259.632392,266.4274115,262.6118481,262.9872914,9/15/2023,262.59
894,267.23938,249.1306542,267.601002,257.8056023,258.2437485,9/18/2023,257.79
895,266.42493,237.1612709,266.7857247,251.1650626,251.8209985,9/19/2023,251.1375
896,263.4133,228.0680375,263.7702939,244.8553703,245.9466195,9/20/2023,244.88
897,258.76456,230.9911844,259.1155208,244.0223514,243.7996694,9/21/2023,244.26
898,253.17271,236.0931022,253.516358,244.5579274,244.2574409,9/22/2023,244.26
899,248.39139,241.7226042,248.7293191,245.2182727,245.386468,9/25/2023,244.81
900,245.3737,247.8439805,245.7077846,247.1554853,246.9920625,9/26/2023,246.38
901,244.54765,252.2467312,244.8808652,248.0976757,248.6511092,9/27/2023,248.14
902,245.96083,255.0196111,246.2962248,250.2334473,250.5767943,9/28/2023,250.22
903,249.11823,259.4113821,249.4581846,253.9140941,252.8965802,9/29/2023,253.98
904,253.44292,259.5631767,253.7895712,256.0529298,255.6327401,10/2/2023,256.25
905,258.34726,261.47802,258.7008914,258.2919344,257.3419929,10/3/2023,259.67
906,263.9002,256.725776,264.2617157,262.2747948,259.0415547,10/4/2023,260.05
907,268.94788,253.5569565,269.3165793,260.081364,259.3389435,10/5/2023,260.9
908,272.90927,247.5259619,273.28369,260.0701834,258.8139797,10/6/2023,259.67
909,274.72375,244.4349924,275.1015228,259.2195535,257.9891723,10/9/2023,258.9
910,273.90598,240.8844869,274.2829044,257.5285569,256.8950112,10/10/2023,256.63
911,269.85934,239.3601501,270.2309864,253.0936847,254.736595,10/11/2023,253.92
912,263.5123,238.0338061,263.8754744,250.4399389,252.236981,10/12/2023,250.22
913,256.10986,238.8055258,256.4631042,246.5816303,242.1950914,10/13/2023,247.08
914,249.1396,200.6195477,249.4840095,222.2287309,221.7499146,10/16/2023,223.3625
915,242.69917,194.3957153,243.0349298,212.4276569,218.5976672,10/17/2023,217.01
916,236.35263,198.6784905,236.679854,215.3297188,216.9722107,10/18/2023,216.5
917,230.02985,199.657305,230.3485558,215.1039294,214.9370121,10/19/2023,214.11
918,224.19453,201.215406,224.5053929,211.8543535,213.5710626,10/20/2023,212.2
919,219.04933,204.2371598,219.3537417,211.2497337,212.2424025,10/23/2023,211.32
920,214.5997,203.9586202,214.8981512,209.299085,209.5974966,10/24/2023,209.02
921,210.56891,201.2337903,210.8619729,205.9499508,206.8015026,10/25/2023,205.66
922,207.15633,204.7676779,207.4448571,205.3250147,205.0184623,10/26/2023,205.77
923,204.87492,207.4908554,205.1604906,206.366795,205.0419596,10/27/2023,205.99
924,203.98679,227.0232704,204.2717533,215.4350678,212.3081002,10/30/2023,215
925,205.12761,234.6672435,205.4143844,220.6749235,219.8336592,10/31/2023,219.2
926,208.35939,233.2460228,208.6509009,217.6488267,221.7625949,11/1/2023,220.25
927,212.91028,229.4018951,213.2083781,221.2577183,222.0373305,11/2/2023,220.8
928,217.52664,222.4030829,217.831432,219.7714714,221.427104,11/3/2023,219.75
929,221.20761,217.3706428,221.5182512,219.2728384,220.6100737,11/6/2023,219.08
930,223.89882,216.0734745,224.2134719,220.0063605,220.2444086,11/7/2023,219.75
931,225.3725,216.7168659,225.6894566,221.7224607,221.8728558,11/8/2023,220.8
932,225.53795,242.3730668,225.8553756,233.1564213,234.5292843,11/9/2023,233.59
933,225.55495,245.3520751,225.8726331,235.1892967,235.5722818,11/10/2023,235.03
934,226.12572,245.9212773,226.444915,235.6297544,235.9140697,11/13/2023,235.6
935,227.22581,246.041248,227.5468026,235.9578011,236.0048648,11/14/2023,236.23
936,228.3609,242.3579666,228.6837304,235.7544685,235.4888137,11/15/2023,235.04
937,229.40689,241.2529256,229.7314384,234.6884327,235.1016377,11/16/2023,235.04
938,230.46153,241.2946081,230.7878126,235.7787157,235.4932812,11/17/2023,235.6
939,231.5411,242.3764981,231.8696402,236.7866751,236.723209,11/20/2023,236.68
940,232.35236,244.0574441,232.6822825,237.9635563,238.280177,11/21/2023,237.915
941,232.32422,245.8033321,232.6543477,238.5519269,239.0901245,11/22/2023,238.75
942,231.91547,248.9876138,232.2454983,240.1052009,239.6788367,11/24/2023,240.08
943,231.8172,249.0931589,232.1478174,240.0629061,239.9392051,11/27/2023,240.08
944,232.42616,245.860203,232.7578914,238.7921952,239.7117925,11/28/2023,238.83
945,233.2879,244.9520222,233.6211048,238.0238687,239.4690906,11/29/2023,238.83
946,234.34697,243.8450288,234.6819288,239.1111811,239.4310118,11/30/2023,238.83
947,235.64064,243.6041801,235.9776943,239.2821333,239.8605232,12/1/2023,239.37
948,236.78671,246.3756599,237.1261471,241.2838817,241.832596,12/4/2023,241.3125
949,237.42517,244.756923,237.7657683,241.078475,243.0861429,12/5/2023,240.8425
950,237.67346,242.2678586,238.0146635,237.9290736,240.6837642,12/6/2023,239.74
951,238.21886,242.7830994,238.5610899,240.911045,240.3043252,12/7/2023,240.27
952,239.50658,242.5241221,239.8509095,240.7535497,243.0024558,12/8/2023,240.79
953,241.4462,252.6019157,241.7940747,247.1694481,247.2572793,12/11/2023,246.735
954,244.11646,260.1705549,244.4684343,253.8920871,251.3895544,12/12/2023,251.785
955,247.31326,259.3125027,247.6701095,253.3957658,253.7924145,12/13/2023,253.01
956,250.82642,256.6312947,251.1885933,252.9131186,253.879033,12/14/2023,253.48
957,253.775,254.2502864,254.1416935,254.0762942,254.4559545,12/15/2023,253.78
958,255.40146,254.0666672,255.771308,254.7101565,255.7362898,12/18/2023,254.5
959,255.41557,254.6519257,255.7857093,255.0285495,256.0017758,12/19/2023,254.8
960,253.59425,257.8819191,253.9620149,255.0814239,255.4194054,12/20/2023,255.495
961,250.9383,260.6113714,251.302465,255.884969,255.6925099,12/21/2023,255.495
962,248.04622,262.8353631,248.4064521,254.8294912,254.5179391,12/22/2023,255.1
963,245.14073,258.6000806,245.4977685,251.8745986,252.0436963,12/26/2023,251.55
964,242.3445,255.1146754,242.6977146,247.5378138,248.9925847,12/27/2023,248.42
965,239.3382,246.5602323,239.6872807,243.8934907,244.976391,12/28/2023,242.7
966,236.28073,243.0102248,236.6256032,239.0454802,241.6322358,12/29/2023,239.4025
967,233.6573,243.0924113,233.9993209,238.5190288,240.2033403,1/2/2024,238.11
968,231.41528,243.8678102,231.7542609,236.4114576,238.5535784,1/3/2024,237.3425
969,229.84465,241.3264617,230.1815671,236.1131678,236.4494717,1/4/2024,235.3
970,229.18045,239.2361988,229.5166328,233.6561164,233.1033774,1/5/2024,233.94
971,229.37659,228.0889981,229.7137749,228.1716588,228.2676524,1/8/2024,228.5225
972,229.49959,211.9819174,229.8371963,218.6657223,218.4500106,1/9/2024,220.365
973,229.06598,206.8015181,229.4031884,219.3458679,215.956249,1/10/2024,217.45
974,227.75008,203.525008,228.0855862,214.7255183,214.4485902,1/11/2024,215.1
975,225.77286,201.6774864,226.1056904,213.2332947,213.0832781,1/12/2024,213.19
976,223.12059,201.8220126,223.4504442,212.083387,212.0772866,1/16/2024,212.01
977,219.49496,203.7501716,219.8196876,211.4112111,211.8026024,1/17/2024,211.2825
978,214.79759,205.2992676,215.1155899,209.707376,211.1147248,1/18/2024,209.8025
979,209.3471,206.543053,209.6572539,207.3013583,205.0330445,1/19/2024,207.75
980,203.40439,179.5492178,203.706368,190.230937,194.2461461,1/22/2024,190.93
981,197.32442,184.4616228,197.6175761,185.7630981,188.593223,1/23/2024,190.61
982,191.6674,183.348098,191.9523587,194.1159908,187.7204798,1/24/2024,187.29
983,186.86139,189.3461986,187.1393935,185.9984945,188.0019614,1/25/2024,187.9275
984,183.31061,194.1916725,183.5835208,189.1748704,188.1508037,1/26/2024,188.5
985,181.19392,195.1699557,181.4642527,188.0826918,187.1556693,1/29/2024,187.88
986,180.2125,192.0152512,180.4815464,185.7598959,185.2177894,1/30/2024,185.85
987,180.31194,190.3635755,180.5813246,184.8529228,183.9819187,1/31/2024,185.1
988,181.69019,189.9006115,181.9618234,185.7495825,184.5004277,2/1/2024,185.58
989,184.15631,190.3527413,184.431828,186.9809093,186.1238037,2/2/2024,187.0575
990,187.15291,191.0938597,187.4334944,188.9219848,187.2986495,2/5/2024,188.94
991,190.0171,188.2134327,190.3021835,189.2737051,187.9427028,2/6/2024,188.94
992,192.1457,186.0298947,192.4341786,188.3187268,188.1431363,2/7/2024,188.89
993,193.16644,185.0468692,193.4566493,188.9242906,187.8055324,2/8/2024,188.89
994,193.32686,184.8933239,193.6175077,188.9610627,188.115573,2/9/2024,188.89
995,193.02971,185.7077148,193.3205155,189.2731953,191.114556,2/12/2024,189.16
996,192.86061,197.0589122,193.1513641,194.2941077,194.9456903,2/13/2024,194.77
997,193.53265,197.3892113,193.824622,197.5682517,196.4148398,2/14/2024,195.2725
998,195.26309,195.6399312,195.5578746,194.5258959,196.0434468,2/15/2024,195.2725
999,196.9749,192.9428691,197.2724716,195.0384502,195.118094,2/16/2024,194.77
1000,197.92534,193.0825625,198.225173,195.1908877,195.5745289,2/20/2024,195.31
1001,198.15793,198.725794,198.4583219,197.8904448,197.4446798,2/21/2024,198.26
1002,198.02118,201.8229047,198.3215719,201.3525747,199.7514264,2/22/2024,199.73
1003,197.39264,206.1722175,197.6922844,201.1798855,201.259278,2/23/2024,201.55
1004,196.63527,206.9560519,196.9343802,201.233876,201.771248,2/26/2024,201.545
1005,195.61667,204.34462,195.9144345,199.1643741,200.107302,2/27/2024,199.75
1006,194.40187,192.6264924,194.6979902,193.2337395,193.2779328,2/28/2024,193.335
1007,193.01497,171.1356636,193.3091772,182.0601159,184.6248364,2/29/2024,181.58
1008,191.37233,169.6892599,191.6642338,179.3901685,180.4987164,3/1/2024,180.04
1009,188.83324,168.0061737,189.121859,176.9174863,179.0589178,3/4/2024,177.9525
1010,185.80301,170.3050693,186.0871937,174.5920978,178.0119098,3/5/2024,177.7225
1011,182.57602,171.297537,182.8554588,177.8663178,176.7953448,3/6/2024,176.685
1012,179.5349,171.5570693,179.8098692,175.1259316,174.6756813,3/7/2024,175.34
1013,176.59132,167.7034839,176.8619721,172.0530416,171.1422577,3/8/2024,171.9325
1014,173.89722,166.5339884,174.1642804,170.1404762,169.1876808,3/11/2024,170.02
1015,171.63826,167.6556905,171.9020334,169.807516,169.495231,3/12/2024,169.48
1016,169.83342,172.1273058,170.0945968,170.2556539,171.0449731,3/13/2024,170.82
1017,168.42299,175.5660101,168.6821726,171.8935367,171.7761039,3/14/2024,171.8
1018,167.7955,176.2225559,168.0538949,171.833957,171.9116222,3/15/2024,171.8
1019,168.26967,175.7259786,168.5293188,171.8850144,172.322159,3/18/2024,171.8
1020,169.62187,176.7688943,169.8837857,173.0938569,173.4193521,3/19/2024,173
1021,171.40549,179.4887608,171.6703337,175.0848128,174.9082379,3/20/2024,175.24
1022,173.23958,179.1322202,173.5074396,176.1436882,175.220567,3/21/2024,176
1023,174.92607,178.9203725,175.1967227,176.7022466,175.8320468,3/22/2024,176.75
1024,176.04482,177.7833548,176.3177487,176.7561534,176.4693987,3/25/2024,176.75
1025,176.21237,174.5526498,176.4857491,175.0951617,174.5172173,3/26/2024,175.22
1026,175.28125,165.5885002,175.5533656,171.257577,171.0278262,3/27/2024,170.21
1027,173.69426,163.5275896,173.9640928,167.7621094,168.3748541,3/28/2024,168.38
1028,172.27298,164.1529111,172.5413241,168.552132,168.1750676,4/1/2024,168.01
1029,171.59087,168.8716504,171.858327,168.6959729,170.3608217,4/2/2024,170.07
1030,171.39682,172.1083689,171.6641573,171.5478267,171.6433455,4/3/2024,171.595
1031,170.95523,174.2464505,171.2220576,172.4592862,171.951107,4/4/2024,172.435
1032,169.96902,175.491318,170.2344897,172.6011913,172.3313798,4/5/2024,172.55
1033,169.05728,176.0085588,169.3218518,172.4672945,172.3994793,4/8/2024,172.34
1034,168.51698,173.2080101,168.7808836,170.8981334,170.0941121,4/9/2024,170.69
1035,168.26646,163.9605438,168.5301481,166.1977544,164.7309607,4/10/2024,165.9475
1036,167.84912,148.3232632,168.1123261,157.921985,158.6024634,4/11/2024,157.64
1037,166.69823,145.2265308,166.9598012,154.9819595,154.4495908,4/12/2024,155.45
1038,164.4131,138.8250252,164.6716045,150.1887964,150.958485,4/15/2024,150.94
1039,161.648,136.2944543,161.9023194,146.0683592,148.1612288,4/16/2024,148.295
1040,158.64772,138.871994,158.8974899,148.4747224,146.8952344,4/17/2024,148.295
1041,155.87451,141.3427059,156.1200779,148.9382741,149.730441,4/18/2024,148.295
1042,153.7819,164.6136934,154.0243361,158.1855529,157.9204214,4/19/2024,158.96
1043,153.12715,181.0895211,153.3690287,165.1982323,166.139311,4/22/2024,166.37
1044,154.19331,188.1685282,154.4370358,167.3306161,172.308458,4/23/2024,170.18
1045,157.27649,210.3358212,157.525249,178.8090543,179.6210519,4/24/2024,181.715
1046,162.77954,205.7491721,163.0371746,184.8204515,182.2367923,4/25/2024,182.84
1047,169.90266,197.1663209,170.171749,181.8532376,182.3616384,4/26/2024,182.86
1048,177.37575,188.8181234,177.6572234,182.2103048,182.0897336,4/29/2024,182.84
1049,183.57513,180.7691901,183.8666393,181.679415,181.7697734,4/30/2024,182
1050,187.43842,175.4709941,187.7362508,180.6589522,180.8009532,5/1/2024,181.19
1051,188.71594,168.9950448,189.0160045,178.6390707,178.594312,5/2/2024,178.42
1052,187.9717,163.2408182,188.2707699,174.8973625,175.5335977,5/3/2024,175.01
1053,185.61166,161.6529468,185.9075649,172.9896283,173.4914996,5/6/2024,173.06
1054,182.43643,164.4664506,182.7274614,173.0444314,173.0042791,5/7/2024,173.06
1055,179.2999,168.1809738,179.5861094,173.7307309,173.2894264,5/8/2024,173.4925
1056,176.1629,172.2579133,176.4442923,173.9959233,173.9771329,5/9/2024,174.04
1057,173.17458,176.1579391,173.4513727,174.5007629,174.8264976,5/10/2024,174.5
1058,170.77274,181.2864262,171.0462281,175.8132503,175.481159,5/13/2024,175.79
1059,169.3579,182.8009196,169.6292983,176.1765979,175.7377146,5/14/2024,175.79
1060,168.97629,183.5369815,169.2472561,175.6803276,176.2408698,5/15/2024,175.945
1061,170.05107,185.9810807,170.3239404,177.5447487,177.1691345,5/16/2024,177.675
1062,172.45634,183.542031,172.7332534,177.9262843,177.5760849,5/17/2024,177.75
1063,175.37964,181.2348417,175.6617904,178.3697321,177.0553818,5/20/2024,178.12
1064,178.3446,175.9329106,178.6317124,177.7436864,176.4508727,5/21/2024,176.9725
1065,180.12811,173.75321,180.4182799,175.9812393,175.9325931,5/22/2024,176.75
1066,180.02464,174.2910573,180.3148312,177.1205423,175.5992028,5/23/2024,176.9725
1067,178.84921,176.8420535,179.1376929,177.673253,175.92987,5/24/2024,177.68
1068,177.30267,178.384575,177.5893992,177.635248,176.2150758,5/28/2024,177.68
1069,175.47426,177.43424,175.7582106,176.3616312,175.7122942,5/29/2024,176.29
1070,173.76376,178.8963879,174.045129,175.2640959,175.3053294,5/30/2024,176.15
1071,172.45724,180.2107596,172.7366749,176.3070417,175.1847535,5/31/2024,176.13
